altezza; peso; sesso; età; sport; occupazione; esperienza_web; esperienza_cucina; obiettivo; opinione_stile_di_vita; importanza_stile_di_vita; query1; nomericettasinistra1; nomericettadestra1; ordinamentosinistra1; ordinamentodestra1; preferenza1; saporito1; sano1; perd/prend_peso1; facile1; etichette_mostrate1; query2; nomericettasinistra2; nomericettadestra2; ordinamentosinistra2; ordinamentodestra2; preferenza2; saporito2; sano2; perd/prend_peso2; facile2; etichette_mostrate2; query3; nomericettasinistra3; nomericettadestra3; ordinamentosinistra3; ordinamentodestra3; preferenza3; saporito3; sano3; perd/prend_peso3; facile3; etichette_mostrate3; numero_associato
170;53;Male;20-25;4-5 times at week;Alunno;daily;3;gain weight;Molto importante;Abbastanza sano;chicken;Kickin' Chicken;Fried Chicken;proteine;anti-calorie;Right side recipe;3;4;4;2;0;rice;Cilantro Shrimp with Squash, Chard, and Wild Rice;Salmon Rice Fritters;nutriscore;anti-calorie;Right side recipe;5;3;3;1;0;lemon;Lemon Glaze for Glazed Lemon Pound Cake;Triple Layer Lemon Cake;proteine;anti-calorie;Left side recipe;4;2;4;4;1;2358860
175;70;Male;41-59;2-3 times at week;Private company staff;daily;4;lose weight;Important;Quite healty;prosciutto;Pear Wedges with Prosciutto and Mint;Prosciutto-wrapped Mozzarella;proteine;anti-calorie;Left side recipe;4;4;3;4;1;pasta;Parsley Orzo recipes;Amalfi Calamari Pasta;calorie;anti-calorie;Left side recipe;2;5;4;3;1;tiramisu;Amaretto Tiramisu for Two;Tiramisu;calorie;anti-calorie;Left side recipe;4;1;4;4;1;8834950
152;48;Female;41-59;2-3 times at week;Public company staff;daily;5;lose weight;Very important;Quite healty;polpo;POLPO AL PINOT NERO con patate e salsa all;POLPO AL PINOT NERO con patate e salsa all;etichette;anti-calorie;Left side recipe;4;3;4;3;1;polpette;Polpette Di Melanzane With Sugo Di Pomodoro;Polpette Di Melanzane With Sugo Di Pomodoro;proteine;anti-calorie;None of these two;3;4;2;4;1;cake;Cinnamon-Strawberry Cake recipes;Cake Doughnuts recipes;nutriscore;anti-calorie;Right side recipe;4;3;4;2;1;4644392
176;76;Male;20-25;4-5 times at week;Student;rarely;2;lose weight;Important;Healty;fish;Snapper with Fennel, Onion and Tomato;Smoked Fish with Mustard, Dill and Caper Sauce;etichette;anti-calorie;Left side recipe;5;4;2;2;0;spaghetti;Syrian Candied Gourd for Rosh Hashanah recipes;Amalfi Calamari Pasta;proteine;anti-calorie;Left side recipe;3;5;5;5;1;cioccolato;Arance candite con cioccolato (chocolate d;Crostata di castagne, cioccolato e pere (c;nutriscore;anti-calorie;Left side recipe;3;5;5;5;0;8700009
172;68;Male;20-25; 1 time at week;Student;rarely;1;No goals;Very important;Quite healty;Fish;Snapper with Fennel, Onion and Tomato;Smoked Fish with Mustard, Dill and Caper Sauce;etichette;anti-calorie;Right side recipe;5;2;1;1;1;Beef;Tamarind Beef & Kohlrabi Salad Recipe;Beef and Broccoli;etichette;anti-calorie;None of these two;3;3;3;3;0;Pasta;Raw Tomato Coulis Recipe;The Nasty Bits: How to Render Leaf Lard (with Welsh Griddle Cakes Recipe);calorie;anti-calorie;None of these two;3;3;3;3;0;6663570
178;57;Male;20-25; 1 time at week;studente;rarely;3;gain weight;molto importante;Cura;mozzarella-di-bufala;Bufala Mozzerella with Alici di Menaica;Caprese Con Mozzarella Di Bufala (Mozzarella, Tomato, Basil;proteine;anti-calorie;Ricetta sul lato destro;5;3;2;5;1;cozze;Cozze Ripiene {Stuffed Mussels} recipes;Steamed Mussels with Chicory: Cozze con Cicoria;calorie;anti-calorie;Left side recipe;4;1;1;2;0;carne;Corn Pie with Beef (Pastel de Choclo con Carne) recipes;Chipotle Trail Mix;etichette;anti-calorie;Nessuno di questi due;1;1;1;1;1;2422923
180;64;Male;20-25;2-3 times at week;Student;rarely;2;gain weight;Very important;Not healthy;chicken;Chicken Saltimbocca;Fried Chicken;etichette;anti-calorie;Left side recipe;4;5;5;1;0;lemon;Sesame And Lemon Broccoli;Crab Crostini with Lemon and Herbs;nutriscore;anti-calorie;Right side recipe;5;3;3;1;1;milk;Homemade Coconut Milk;Milk Bar Banana Cake;proteine;anti-calorie;Right side recipe;5;3;3;1;1;9279555
164;60;Female;41-59;2-3 times at week;Public company staff;rarely;2;lose weight;Very important;Healty;chicken;Mexicali Chicken;Fried Chicken;nutriscore;anti-calorie;Left side recipe;4;4;4;4;1;pasta;Parsley Orzo recipes;Amalfi Calamari Pasta;nutriscore;anti-calorie;Left side recipe;3;5;3;4;0;ice-cream;Green Tea-Ginger Ice Cream;Mile-High Ice Cream Cake;etichette;anti-calorie;Left side recipe;4;5;3;5;0;3160483
169;56;Female;16-19;0;Student;monthly;3;lose weight;Important;Not healthy;Ham;Asparagus Wrapped in Serrano Ham recipes;Garlicky Ham and Swiss;etichette;anti-calorie;Left side recipe;5;2;2;3;1;Pizza;Grilled Green Onions with Picholine Olives, Lemon and Thyme;Stuffed Crust Cast-Iron Pizza with Smoked Mozzarella;nutriscore;anti-calorie;Right side recipe;4;1;1;3;1;Gelato;Strawberry Gelato recipes;Apple Friters with Ice Cream: Fritelle di Mele con Gelato;proteine;anti-calorie;None of these two;1;1;1;1;1;2155004
178;64;Female;16-19;0;Student;daily;2;lose weight;Important;Quite healty;meat;Healthy turkey chili;Southern Foodways' Mississippi Delta Hot Tamales;etichette;anti-calorie;Right side recipe;4;3;3;5;1;pasta;Spring Mac and Cheese recipes;Amalfi Calamari Pasta;etichette;anti-calorie;Left side recipe;3;4;3;4;1;gelato;Strawberry Gelato recipes;Apple Friters with Ice Cream: Fritelle di Mele con Gelato;calorie;anti-calorie;Left side recipe;5;4;4;4;1;2960231
190;112;Male;26-30;0;Private company staff;rarely;1;lose weight;Poorly important;Not healthy;chicken;Kickin' Chicken;Fried Chicken;proteine;anti-calorie;Right side recipe;4;1;1;2;0;pasta;Spring Mac and Cheese recipes;Amalfi Calamari Pasta;etichette;anti-calorie;Left side recipe;4;1;2;3;0;cake;Cinnamon-Strawberry Cake recipes;Cake Doughnuts recipes;nutriscore;anti-calorie;Left side recipe;1;5;5;5;1;4465109
162;64;Female;31-40;2-3 times at week;Private company staff;rarely;2;lose weight;Very important;Healty;Hamburger;Cream Cheese Pizza Pasties;Pulled Pork with Black Pepper Vinegar;etichette;anti-calorie;Left side recipe;4;4;2;4;0;rice;Cilantro Shrimp with Squash, Chard, and Wild Rice;Salmon Rice Fritters;nutriscore;anti-calorie;Left side recipe;3;4;4;5;1;ice-cream;Vanilla Ice-Cream Latte;Mile-High Ice Cream Cake;proteine;anti-calorie;Left side recipe;3;5;3;5;1;9681848
175;63;Male;20-25;2-3 times at week;Student;rarely;2;No goals;Very important;Quite healty;pasta;Parsley Orzo recipes;Amalfi Calamari Pasta;nutriscore;anti-calorie;Right side recipe;3;3;3;3;1;carne;Chilli Con Carne For One;Vegetarian Tamales with Pinto Beans recipes;calorie;anti-calorie;Left side recipe;3;3;3;3;0;cassata;Cassata (celebration Cake), Sicily, Italy;Sicilian Cassata Cake recipes;etichette;anti-calorie;Right side recipe;5;1;1;3;1;2680143
174;64;Male;20-25;2-3 times at week;Student;rarely;3;gain weight;Very important;Healty;Mozzarella;Balsamic Rhubarb with Breadpudding and Mozzarella;Stuffed Crust Cast-Iron Pizza with Smoked Mozzarella;calorie;anti-calorie;Right side recipe;3;1;1;2;0;Pasta;Parsley Orzo recipes;Amalfi Calamari Pasta;proteine;anti-calorie;Right side recipe;4;2;1;2;1;Pistacchio;Gelato Al Pistacchio (Pistachio Ice Cream) recipes;Gelato al Pistacchio;calorie;anti-calorie;Left side recipe;3;1;1;3;0;2670935
178;57;Male;20-25; 1 time at week;Student;rarely;4;gain weight;Very important;Healty;Smoked-salmon;Avocado On Rye Crackers With Smoked Salmon;Hot-Smoked Salmon Salad With A Chilli Lemon Dressing;proteine;anti-calorie;Right side recipe;5;3;4;1;1;Spaghetti-mare;Spaghetti Mare e Monti recipes;Frutti Di Mare Linguini;calorie;anti-calorie;Right side recipe;5;3;3;4;1;Tartufo;Tartufo;Pistachio Tartufo recipes;calorie;anti-calorie;Right side recipe;5;1;3;1;0;2879020
169;57;Female;16-19;0;Student;rarely;2;lose weight;Important;Absolutely not healthy;Avocado;Avocado Soft Serve recipes;Turkey, Avocado and Hummus Wrap;proteine;anti-calorie;Right side recipe;5;3;1;5;0;pesce;Pesce Al Forno Con Pomodorini E Gremolata recipes;Crostini di Pesce Spada (smoked swordfish toasts);calorie;anti-calorie;Left side recipe;3;4;4;3;1;Sorbetto;Watermelon Sorbetto Popsicles recipes;Mascarpone Sorbetto with Rosemary Honey;calorie;anti-calorie;Left side recipe;5;3;3;4;1;1162924
170;62;Female;20-25;2-3 times at week;Student;rarely;3;No goals;Important;Quite healty;salmon;Smoked Salmon Tartare;Salmon Wellington;calorie;anti-calorie;Right side recipe;5;4;4;5;0;rice;Quickie Pickled Radishes;Salmon Rice Fritters;proteine;anti-calorie;Left side recipe;3;5;5;5;1;cake;Melted Ice Cream Cake;Cake Doughnuts recipes;etichette;anti-calorie;Left side recipe;5;4;2;3;0;7443393
176;62;Female;20-25;2-3 times at week;Private company staff;daily;1;lose weight;Very important;Healty;cheese;Cheese Omelette recipes;Delilah's 7 Cheese Mac and Cheese;nutriscore;anti-calorie;Left side recipe;4;4;4;5;1;Zucchini;Zucchini Tahini Spread;Crispy Zucchini Chips;proteine;anti-calorie;Right side recipe;5;3;3;5;0;Torta;Caprese Cake;Torta di Castagne - Chestnut Cake;etichette;anti-calorie;Right side recipe;5;1;1;1;0;7358387
167;59;Male;20-25;2-3 times at week;Student;daily;3;No goals;Very important;Quite healty;Meat;Collard Greens;Southern Foodways' Mississippi Delta Hot Tamales;nutriscore;anti-calorie;Right side recipe;4;3;2;2;0;Pasta;Parsley Orzo recipes;Amalfi Calamari Pasta;nutriscore;anti-calorie;Right side recipe;5;3;1;3;1;Cake;Simple Spiderweb Cake;Cake Doughnuts recipes;proteine;anti-calorie;Right side recipe;4;2;1;4;1;1322139
159;61;Female;41-59;0;Unemployed;rarely;4;lose weight;Important;Healty;apple;Double-0-Cinnamon Apple Breakfast Bowl;Apple Cider-Glazed Yeast Doughnuts;nutriscore;anti-calorie;Right side recipe;4;1;1;1;0;carrot;Radish and Carrot Sweet Chutney;Carrot Fries with Lemon-Mint Dip;proteine;anti-calorie;Left side recipe;2;4;5;5;0;salad;Parsnip-Onion Tarte Tatin;Wonky Summer Pasta, Herby Salad, Pear Drop Tartlets recipes;etichette;anti-calorie;Right side recipe;2;5;5;3;1;3297569
185;79;Male;20-25;4-5 times at week;Student;rarely;1;No goals;Very important;Healty;lettuce;Pink's Millennium Dog;BLC (Bacon, Lettuce and Cucumber) with Spicy Cumin-Mint Mayo;nutriscore;anti-calorie;Left side recipe;4;4;4;4;1;cereal;Halibut With Corn Pops And Basil Broth;Nuts and Bolts Snack Mix;calorie;anti-calorie;Right side recipe;4;4;4;3;1;cheesecake;Lemon Cheesecake Cupcakes;Cheesecake-Stuffed Luscious Lemon Cake;calorie;anti-calorie;Left side recipe;5;4;4;3;0;5200105
173;67;Male;20-25; 1 time at week;Student;rarely;2;No goals;Important;Quite healty;shrimp;Shrimp Ceviche;Salt and Pepper Shrimp recipes;nutriscore;anti-calorie;Right side recipe;5;1;1;3;0;watermelon;Calamari, Chile, and Watermelon Salad;Watermelon Rind Pickles;proteine;anti-calorie;Left side recipe;5;5;3;2;1;mozzarella;Plum Tomato Tart recipes;Caprese Skewers with Plum Balsamic Drizzle;proteine;anti-calorie;Left side recipe;2;2;2;1;1;3750582
171;67;Male;20-25; 1 time at week;Student;rarely;2;No goals;Important;Quite healty;potato;Za'atar Potato Chips Recipe;Pretzel Mashed Potato Bites;calorie;anti-calorie;Right side recipe;5;1;1;1;1;salt;Lavender Salt;Salt and Pepper Shrimp;calorie;anti-calorie;Right side recipe;4;2;1;1;1;tomato;Green Tomato Pie;Tomato Pie;etichette;anti-calorie;Right side recipe;5;2;1;1;1;2115776
168;59;Female;41-59;2-3 times at week;Public company staff;daily;3;lose weight;Important;Very healty;mango;Tropical Citrus Shrimp;Seared Chicken & Asparagus With Mango Salsa;etichette;anti-calorie;Left side recipe;4;5;5;5;0;cozze;Cozze Ripiene {Stuffed Mussels} recipes;Steamed Mussels with Chicory: Cozze con Cicoria;calorie;anti-calorie;Left side recipe;5;5;3;4;0;frutti-di-bosco;Forest Fruit Gratin With Zabaglione (Gratin di Frutti di Bosco allo Zabaione) recipes;Forest Fruit Gratin With Zabaglione (Gratin di Frutti di Bosco allo Zabaione) recipes;etichette;anti-calorie;Left side recipe;5;4;5;5;0;4621558
180;60;Male;20-25;4-5 times at week;Student;rarely;2;No goals;Very important;Quite healty;Pasta;Parsley Orzo recipes;Amalfi Calamari Pasta;nutriscore;anti-calorie;Right side recipe;5;1;2;1;1;Salmon;Avocado On Rye Crackers With Smoked Salmon;Salmon Wellington;nutriscore;anti-calorie;Left side recipe;4;4;1;5;1;Pancake;Tart-Sweet Lemon Blackberry Pancake Topping recipes;Chocolate Candy Cane Tower;nutriscore;anti-calorie;Right side recipe;5;2;2;2;1;1164452
148;49;Female;31-40; 1 time at week;Personale aziendale privato;daily;3;lose weight;Molto importante;sano;Chicken;Chicken Saltimbocca;Fried Chicken;etichette;anti-calorie;Ricetta lato sinistro;4;4;4;4;0;Riso;Leftover Turkey Mushroom and Pancetta Riso;Riso Patate E Cozze (Baked Mussel & Potato Risotto) recipes;calorie;anti-calorie;Ricetta lato sinistro;5;4;4;4;0;Pancake;Tart-Sweet Lemon Blackberry Pancake Topping recipes;Chocolate Candy Cane Tower;nutriscore;anti-calorie;Ricetta lato sinistro;4;4;4;4;1;6247219
150;68;Female;41-59;2-3 times at week;Personale dell'azienda pubblica;monthly;3;lose weight;Importante;Abbastanza sano;Tartare;Seaweed Tartare from 'The French Market Cookbook';Grass-Fed Beef Tartare;proteine;anti-calorie;Ricetta lato destro;4;3;3;4;0;Sugo;Tomato Sugo Recipe;Polpette Di Melanzane With Sugo Di Pomodoro;proteine;anti-calorie;Ricetta lato destro;5;3;3;4;1;ice-cream;Green Tea-Ginger Ice Cream;Mile-High Ice Cream Cake;etichette;anti-calorie;Ricetta lato sinistro;5;3;3;5;1;8380315
162;57;Female;20-25;0;Private company staff;rarely;1;lose weight;Very important;Healty;Tomato;Easy Tomato Risotto;Tamale Pie with Fresh Tomato and Corn;etichette;anti-calorie;None of these two;3;3;3;3;0;Sugo;Tomato Sugo Recipe;Polpette Di Melanzane With Sugo Di Pomodoro;calorie;anti-calorie;Left side recipe;4;3;3;4;1;Ice-cream;Vanilla Ice-Cream Latte;Mile-High Ice Cream Cake;calorie;anti-calorie;Left side recipe;4;4;3;5;1;1646204
165;62;Female;41-59;0;disoccupato;rarely;3;No goals;importante;Cura;Pollo;Pollo A La Brasa (Peruvian Rotisserie Chicken) recipes;Lizzys Pollo,Cilantro and Lime Empanada's;calorie;anti-calorie;Ricetta lato sinistro;2;4;4;5;0;Pasta;Parsley Orzo recipes;Amalfi Calamari Pasta;nutriscore;anti-calorie;Ricetta sul lato destro;5;2;3;4;0;Torta;Campari & Grapefruit Sorbet;Torta di Castagne - Chestnut Cake;proteine;anti-calorie;Ricetta sul lato destro;5;3;3;3;1;2055008
172;66;Male;20-25;2-3 times at week;Student;rarely;2;No goals;Important;Quite healty;chicken;Kickin' Chicken;Fried Chicken;calorie;anti-calorie;Right side recipe;5;2;3;2;1;pasta;Parsley Orzo recipes;Amalfi Calamari Pasta;calorie;anti-calorie;Right side recipe;5;4;2;2;0;meat;DOUBLE CHOCOLATE CUPCAKES with BUTTERCREAM FROSTING recipes;Chicken Pot Pie;proteine;anti-calorie;Left side recipe;5;2;5;3;0;4492931
175;70;Male;20-25;2-3 times at week;Student;monthly;3;No goals;Very important;Quite healty;Pasta;Parsley Orzo recipes;Amalfi Calamari Pasta;nutriscore;anti-calorie;Right side recipe;5;4;5;3;1;Pollo;Empanadas de Pollo al Verdeo (Chicken and Spring Onion Empanadas);Lizzys Pollo,Cilantro and Lime Empanada's;etichette;anti-calorie;Left side recipe;5;4;5;5;1;Salmone;Smoked Salmon and Scrambled Eggs on Toast;Parchment Baked Salmon with Lemon and Basil recipes;nutriscore;anti-calorie;Left side recipe;5;5;5;3;1;9756436
175;71;Male;20-25;0;Alunno;rarely;4;No goals;Molto importante;Abbastanza sano;polpo;POLPO AL PINOT NERO con patate e salsa all;POLPO AL PINOT NERO con patate e salsa all;etichette;anti-calorie;Ricetta lato destro;4;1;2;1;1;riso;Leftover Turkey Mushroom and Pancetta Riso;Riso Patate E Cozze (Baked Mussel & Potato Risotto) recipes;proteine;anti-calorie;Ricetta lato destro;5;3;2;3;1;ice-cream;Vanilla Ice-Cream Latte;Mile-High Ice Cream Cake;proteine;anti-calorie;Nessuno di questi due;2;1;2;2;1;2813065
169;62;Female;41-59; 1 time at week;disoccupato;rarely;4;No goals;Molto importante;Abbastanza sano;pollo;Pollo A La Brasa (Peruvian Rotisserie Chicken) recipes;Lizzys Pollo,Cilantro and Lime Empanada's;proteine;anti-calorie;Ricetta lato sinistro;4;4;4;4;1;risotto-di-mare;Croatian Dalmatian red risotto (fisherman's risotto);Risotto ai Frutti di Mare;nutriscore;anti-calorie;Ricetta lato destro;4;2;3;2;1;pancake;Tart-Sweet Lemon Blackberry Pancake Topping recipes;Chocolate Candy Cane Tower;nutriscore;anti-calorie;Ricetta lato destro;4;1;4;3;0;2111148
169;62;Female;41-59; 1 time at week;disoccupato;rarely;4;No goals;Molto importante;Molto salutare;pollo;Pollo A La Brasa (Peruvian Rotisserie Chicken) recipes;Lizzys Pollo,Cilantro and Lime Empanada's;nutriscore;anti-calorie;Ricetta lato sinistro;4;1;2;3;0;risotto-di-mare;Croatian Dalmatian red risotto (fisherman's risotto);Risotto ai Frutti di Mare;calorie;anti-calorie;Ricetta lato destro;4;2;1;2;1;pancake;Tart-Sweet Lemon Blackberry Pancake Topping recipes;Chocolate Candy Cane Tower;nutriscore;anti-calorie;Ricetta lato destro;4;1;3;3;0;5509354
165;72;Female;41-59;2-3 times at week;Personale dell'azienda pubblica;rarely;2;lose weight;Molto importante;Abbastanza sano;bresaola;Bresaola-Wrapped Persimmons with Arugula recipes;Antipasto Plate;nutriscore;anti-calorie;Ricetta lato sinistro;5;2;2;2;0;riso;Leftover Turkey Mushroom and Pancetta Riso;Riso Patate E Cozze (Baked Mussel & Potato Risotto) recipes;calorie;anti-calorie;Ricetta lato sinistro;3;5;3;4;1;cioccolata;Anisette Glazed Bittersweet Chocolate Tart: Torta di Cioccolata Amara con Glasse di Anice;Anisette Glazed Bittersweet Chocolate Tart: Torta di Cioccolata Amara con Glasse di Anice;calorie;anti-calorie;Ricetta lato sinistro;1;1;1;1;1;4474579
193;80;Male;20-25;4-5 times at week;Student;rarely;1;No goals;Important;Healty;Chicken;Mexicali Chicken;Fried Chicken;nutriscore;anti-calorie;Right side recipe;5;1;1;1;1;Pasta;Parsley Orzo recipes;Amalfi Calamari Pasta;calorie;anti-calorie;Left side recipe;1;5;1;1;1;Cake;Simple Spiderweb Cake;Cake Doughnuts recipes;proteine;anti-calorie;Right side recipe;5;1;1;5;0;8960447
175;60;Female;20-25;0;Student;rarely;3;lose weight;Very important;Quite healty;Salmon;Smoked Salmon Collard Wraps;Salmon Wellington;etichette;anti-calorie;Left side recipe;4;3;2;4;0;Pasta;Parsley Orzo recipes;Amalfi Calamari Pasta;proteine;anti-calorie;Right side recipe;5;2;1;2;0;Cake;Banana Rice Cake;Cake Doughnuts recipes;calorie;anti-calorie;Left side recipe;3;5;5;5;0;9191294
178;78;Male;20-25;2-3 times at week;Student;daily;2;lose weight;Important;Quite healty;Hamburger;Crispy Potato Wedges;Pulled Pork with Black Pepper Vinegar;nutriscore;anti-calorie;Left side recipe;4;4;4;4;1;pasta;Spring Mac and Cheese recipes;Amalfi Calamari Pasta;etichette;anti-calorie;Right side recipe;3;2;2;3;1;pancake;Tart-Sweet Lemon Blackberry Pancake Topping recipes;Chocolate Candy Cane Tower;calorie;anti-calorie;Left side recipe;3;4;4;4;1;3382360
167;50;Female;20-25;0;Student;rarely;2;gain weight;;Quite healty;chicken;Kickin' Chicken;Fried Chicken;calorie;anti-calorie;Left side recipe;4;4;5;2;1;sugo;Tomato Sugo Recipe;Polpette Di Melanzane With Sugo Di Pomodoro;etichette;anti-calorie;Right side recipe;5;4;3;2;0;cake;Melted Ice Cream Cake;Cake Doughnuts recipes;etichette;anti-calorie;Left side recipe;4;3;3;3;1;2246657
185;82;Male;20-25;4-5 times at week;Private company staff;rarely;1;lose weight;;Quite healty;Smoked-salmon;Avocado On Rye Crackers With Smoked Salmon;Hot-Smoked Salmon Salad With A Chilli Lemon Dressing;proteine;anti-calorie;Left side recipe;3;3;3;2;1;rice;Shrimp Summer Rolls with Sesame-Soy Dipping Sauce recipes;Salmon Rice Fritters;etichette;anti-calorie;Right side recipe;3;2;2;1;1;ice-cream;Vanilla Ice-Cream Latte;Mile-High Ice Cream Cake;calorie;anti-calorie;Left side recipe;4;3;3;4;1;7518262
180;73;Male;20-25;2-3 times at week;Student;daily;3;lose weight;Very important;Healty;pasta;Parsley Orzo recipes;Amalfi Calamari Pasta;calorie;anti-calorie;Right side recipe;4;1;1;1;1;sugo;Tomato Sugo Recipe;Polpette Di Melanzane With Sugo Di Pomodoro;calorie;anti-calorie;Right side recipe;5;1;1;1;1;pancake;Chris Santos's Oreo Pancake Recipe Is a Brunch-Party Pleaser;Chocolate Candy Cane Tower;proteine;anti-calorie;Left side recipe;5;5;5;4;1;1698311
87;45;/;60+;0;Unemployed;daily;5;lose weight;Not important;Absolutely not healthy;Pizza;Grilled Green Onions with Picholine Olives, Lemon and Thyme;Stuffed Crust Cast-Iron Pizza with Smoked Mozzarella;calorie;anti-calorie;Right side recipe;4;4;4;4;0;Sugo;Tomato Sugo Recipe;Polpette Di Melanzane With Sugo Di Pomodoro;proteine;anti-calorie;Right side recipe;5;5;5;5;0;Icecream;Easy Peach Basil Sorbet – No Icecream Maker Needed recipes;Snicker Cake and Ice Cream Fantasy Recipe;nutriscore;anti-calorie;Right side recipe;2;3;2;4;0;1539990
165;67;Female;60+; 1 time at week;Public company staff;rarely;3;lose weight;Very important;Quite healty;smoked-salmon;Creamy Salmon Spread With Horseradish;Hot-Smoked Salmon Salad With A Chilli Lemon Dressing;etichette;anti-calorie;Left side recipe;5;5;5;5;1;pasta;Spring Mac and Cheese recipes;Amalfi Calamari Pasta;etichette;anti-calorie;Right side recipe;4;4;1;1;0;fruit;Mixed Fruit Parfait;Passion Fruit-Filled Cupcakes;calorie;anti-calorie;Left side recipe;4;4;2;5;1;6531426
159;66;Female;41-59;0;Unemployed;rarely;3;lose weight;Important;Healty;chicken;Kickin' Chicken;Fried Chicken;proteine;anti-calorie;Left side recipe;3;1;1;3;1;sugo;Tomato Sugo Recipe;Polpette Di Melanzane With Sugo Di Pomodoro;etichette;anti-calorie;Right side recipe;5;5;2;5;0;cake;Banana Rice Cake;Cake Doughnuts recipes;calorie;anti-calorie;Right side recipe;5;1;1;2;1;8786563
165;60;Female;41-59;2-3 times at week;Public company staff;monthly;3;lose weight;Important;Quite healty;Chicken;Kickin' Chicken;Fried Chicken;proteine;anti-calorie;Left side recipe;3;4;4;4;0;Pasta;Parsley Orzo recipes;Amalfi Calamari Pasta;nutriscore;anti-calorie;Right side recipe;5;4;4;4;0;Ice-cream;Vanilla Ice-Cream Latte;Mile-High Ice Cream Cake;nutriscore;anti-calorie;Right side recipe;5;2;2;2;1;4988933
182;81;Male;20-25;4-5 times at week;Student;daily;3;lose weight;Very important;Healty;beef;Roast Beef On Toast With Fennel Slaw;Beef and Broccoli;calorie;anti-calorie;Right side recipe;4;4;4;5;0;rice;Cilantro Shrimp with Squash, Chard, and Wild Rice;Salmon Rice Fritters;nutriscore;anti-calorie;Left side recipe;4;4;4;5;0;ice-cream;Vanilla Ice-Cream Latte;Mile-High Ice Cream Cake;nutriscore;anti-calorie;None of these two;5;5;5;5;1;2765273
156;50;Female;41-59; 1 time at week;Public company staff;rarely;5;lose weight;Important;Healty;fish;Snapper with Fennel, Onion and Tomato;Smoked Fish with Mustard, Dill and Caper Sauce;etichette;anti-calorie;Right side recipe;2;4;5;4;1;pasta;Spring Mac and Cheese recipes;Amalfi Calamari Pasta;etichette;anti-calorie;Left side recipe;2;3;4;2;1;torta;Caprese Cake;Torta di Castagne - Chestnut Cake;etichette;anti-calorie;Left side recipe;4;2;4;4;1;8662082
170;83;Male;20-25;4-5 times at week;Student;rarely;2;No goals;Very important;Healty;Patate;Patates Yiahni(Potatoes & Tomatoes);Potato Croquettes---Panzeroti di Patate;proteine;anti-calorie;Left side recipe;5;5;5;5;1;Pasta;Parsley Orzo recipes;Amalfi Calamari Pasta;calorie;anti-calorie;Left side recipe;5;5;5;5;0;Cake;Banana Rice Cake;Cake Doughnuts recipes;calorie;anti-calorie;Left side recipe;5;5;5;5;1;9022212
170;65;Female;41-59;2-3 times at week;Public company staff;daily;1;No goals;Very important;Quite healty;spaghetti;Vegetarian Stuffed Peppers;Amalfi Calamari Pasta;calorie;anti-calorie;Right side recipe;5;3;2;3;0;sugo;Tomato Sugo Recipe;Polpette Di Melanzane With Sugo Di Pomodoro;nutriscore;anti-calorie;Right side recipe;5;3;2;3;1;cake;Banana Rice Cake;Cake Doughnuts recipes;calorie;anti-calorie;Right side recipe;5;3;2;3;1;8438437
160;50;Female;41-59;0;Personale dell'azienda pubblica;daily;3;No goals;Importante;Abbastanza sano;salmone;Smoked Salmon Tartare;Salmon Wellington;calorie;anti-calorie;Ricetta lato destro;5;5;3;2;1;riso;Leftover Turkey Mushroom and Pancetta Riso;Riso Patate E Cozze (Baked Mussel & Potato Risotto) recipes;proteine;anti-calorie;Ricetta lato destro;5;5;5;4;0;ice-cream;Vanilla Ice-Cream Latte;Mile-High Ice Cream Cake;calorie;anti-calorie;Ricetta lato sinistro;5;5;5;5;1;2170192
176;79;Male;20-25; 1 time at week;Student;rarely;1;lose weight;Important;Not healthy;hamburger;Crisp Onion Relish;Pulled Pork with Black Pepper Vinegar;proteine;anti-calorie;Right side recipe;5;3;2;4;0;rice;Quickie Pickled Radishes;Salmon Rice Fritters;calorie;anti-calorie;None of these two;2;4;4;3;1;pancake;Tart-Sweet Lemon Blackberry Pancake Topping recipes;Chocolate Candy Cane Tower;calorie;anti-calorie;Left side recipe;5;4;3;5;0;3626863
179;79;Male;20-25; 1 time at week;Student;monthly;2;No goals;Important;Quite healty;mozzarella;Balsamic Rhubarb with Breadpudding and Mozzarella;Stuffed Crust Cast-Iron Pizza with Smoked Mozzarella;proteine;anti-calorie;Left side recipe;3;3;3;4;1;tomato;Tomato Chips;Tamale Pie with Fresh Tomato and Corn;calorie;anti-calorie;Left side recipe;3;5;5;5;1;cake;Banana Rice Cake;Cake Doughnuts recipes;calorie;anti-calorie;Left side recipe;2;5;5;5;0;6233995
162;59;Female;41-59;2-3 times at week;Private company staff;daily;1;No goals;Important;Healty;Pasta;Parsley Orzo recipes;Amalfi Calamari Pasta;nutriscore;anti-calorie;Right side recipe;5;1;1;2;0;Pollo;Pollo A La Brasa (Peruvian Rotisserie Chicken) recipes;Lizzys Pollo,Cilantro and Lime Empanada's;calorie;anti-calorie;Left side recipe;3;3;2;5;0;Gelato;Strawberry Gelato recipes;Apple Friters with Ice Cream: Fritelle di Mele con Gelato;nutriscore;anti-calorie;Left side recipe;4;4;2;3;0;9224464
175;60;Female;20-25;0;Student;rarely;3;lose weight;Very important;Quite healty;Pesce;Pesce Al Forno Con Pomodorini E Gremolata recipes;Crostini di Pesce Spada (smoked swordfish toasts);calorie;anti-calorie;Left side recipe;5;4;4;2;0;Pasta;Spring Mac and Cheese recipes;Amalfi Calamari Pasta;etichette;anti-calorie;Right side recipe;5;4;4;3;0;torta;Campari & Grapefruit Sorbet;Torta di Castagne - Chestnut Cake;proteine;anti-calorie;None of these two;3;3;3;2;0;4022194
170;78;Female;60+;0;Public company staff;monthly;3;lose weight;Very important;Quite healty;pomodoro;Bruschetta Al Pomodoro - Tomato Bruschetta;Bruschetta Pomodoro;calorie;anti-calorie;Left side recipe;5;5;2;5;1;pasta;Parsley Orzo recipes;Amalfi Calamari Pasta;proteine;anti-calorie;Right side recipe;5;2;2;2;0;Torta;Campari & Grapefruit Sorbet;Torta di Castagne - Chestnut Cake;nutriscore;anti-calorie;Left side recipe;4;4;4;5;0;6899281
164;52;Female;20-25;4-5 times at week;Student;rarely;1;No goals;Very important;Healty;riso;Leftover Turkey Mushroom and Pancetta Riso;Riso Patate E Cozze (Baked Mussel & Potato Risotto) recipes;nutriscore;anti-calorie;Right side recipe;4;1;1;1;1;pasta;Parsley Orzo recipes;Amalfi Calamari Pasta;calorie;anti-calorie;Right side recipe;5;1;1;1;1;gelato;Strawberry Gelato recipes;Apple Friters with Ice Cream: Fritelle di Mele con Gelato;calorie;anti-calorie;Left side recipe;2;2;1;4;0;5709131
158;49;Female;20-25;2-3 times at week;Student;rarely;2;lose weight;Very important;Healty;smoked-salmon;Avocado On Rye Crackers With Smoked Salmon;Hot-Smoked Salmon Salad With A Chilli Lemon Dressing;proteine;anti-calorie;Left side recipe;4;5;4;5;0;pasta;Parsley Orzo recipes;Amalfi Calamari Pasta;nutriscore;anti-calorie;Left side recipe;3;5;5;5;0;ice-cream;Vanilla Ice-Cream Latte;Mile-High Ice Cream Cake;proteine;anti-calorie;Right side recipe;5;1;1;2;1;3613173
164;71;Female;31-40;0;Personale aziendale privato;rarely;3;lose weight;Importante;Non salutare;Prosciutto;Panino di Prosciutto e Fontina;Prosciutto-wrapped Mozzarella;etichette;anti-calorie;Ricetta lato destro;3;3;2;2;1;Tagliatelle;Asparagus & Smashed Garlic Tagliatelle;Cucumbers with Salmon and Tagliatelle;nutriscore;anti-calorie;Ricetta lato destro;4;1;2;1;1;Crema;Frozen Chocolate Dream Shooters;Mexican Chocolate Pecan Pie;nutriscore;anti-calorie;Nessuno di questi due;1;3;1;1;1;8428076
168;55;Female;41-59;2-3 times at week;Public company staff;monthly;3;No goals;Very important;Healty;smoked-salmon;Avocado On Rye Crackers With Smoked Salmon;Hot-Smoked Salmon Salad With A Chilli Lemon Dressing;proteine;anti-calorie;Left side recipe;4;4;4;5;1;pasta;Parsley Orzo recipes;Amalfi Calamari Pasta;calorie;anti-calorie;Right side recipe;4;3;4;3;1;ice-cream;Green Tea-Ginger Ice Cream;Mile-High Ice Cream Cake;etichette;anti-calorie;Left side recipe;4;3;3;5;0;7379454
170;55;Female;31-40;0;Personale dell'azienda pubblica;rarely;2;No goals;Molto importante;Non salutare;chicken;Mexicali Chicken;Fried Chicken;nutriscore;anti-calorie;Ricetta lato sinistro;4;5;3;5;1;rice;Quickie Pickled Radishes;Salmon Rice Fritters;calorie;anti-calorie;Ricetta lato destro;5;3;3;1;1;ice-cream;Vanilla Ice-Cream Latte;Mile-High Ice Cream Cake;calorie;anti-calorie;Ricetta lato sinistro;4;3;3;5;0;9014978
158;79;Female;41-59;0;Unemployed;rarely;3;lose weight;Important;Not healthy;Salmon;Avocado On Rye Crackers With Smoked Salmon;Salmon Wellington;proteine;anti-calorie;Right side recipe;4;4;4;4;0;Pasta;Parsley Orzo recipes;Amalfi Calamari Pasta;calorie;anti-calorie;Right side recipe;5;3;2;4;0;Tiramisu;Amaretto Tiramisu for Two;Tiramisu;etichette;anti-calorie;Right side recipe;5;1;3;5;0;4243123
158;57;Female;41-59;2-3 times at week;Private company staff;monthly;4;lose weight;Very important;Healty;Bresaola;Bresaola with Radicchio, Pear and Walnuts;Antipasto Plate;proteine;anti-calorie;Left side recipe;3;3;4;5;1;Rice;Shrimp Summer Rolls with Sesame-Soy Dipping Sauce recipes;Salmon Rice Fritters;etichette;anti-calorie;Right side recipe;4;2;1;3;1;Gelato;Strawberry Gelato recipes;Apple Friters with Ice Cream: Fritelle di Mele con Gelato;nutriscore;anti-calorie;Right side recipe;5;1;1;3;1;3279148
180;80;Male;41-59;2-3 times at week;Public company staff;rarely;3;lose weight;Important;Healty;Pollo;Pollo A La Brasa (Peruvian Rotisserie Chicken) recipes;Lizzys Pollo,Cilantro and Lime Empanada's;nutriscore;anti-calorie;Left side recipe;4;5;5;4;0;Pasta;Parsley Orzo recipes;Amalfi Calamari Pasta;nutriscore;anti-calorie;Right side recipe;5;5;5;4;1;Cake;Banana Rice Cake;Cake Doughnuts recipes;calorie;anti-calorie;Right side recipe;5;5;5;5;1;5503452
160;55;Female;41-59;0;disoccupato;rarely;3;lose weight;Molto importante;Abbastanza sano;Pollo;Pollo A La Brasa (Peruvian Rotisserie Chicken) recipes;Lizzys Pollo,Cilantro and Lime Empanada's;calorie;anti-calorie;Ricetta lato sinistro;5;5;5;5;0;Riso;Leftover Turkey Mushroom and Pancetta Riso;Riso Patate E Cozze (Baked Mussel & Potato Risotto) recipes;proteine;anti-calorie;Ricetta lato destro;5;5;1;5;1;Ice-cream;Vanilla Ice-Cream Latte;Mile-High Ice Cream Cake;proteine;anti-calorie;Ricetta lato sinistro;5;5;1;5;1;3003804
170;90;Male;60+;0;Personale dell'azienda pubblica;monthly;3;lose weight;Molto importante;Abbastanza sano;hamburger;Crispy Potato Wedges;Pulled Pork with Black Pepper Vinegar;nutriscore;anti-calorie;Ricetta lato sinistro;5;4;3;5;1;riso;Leftover Turkey Mushroom and Pancetta Riso;Riso Patate E Cozze (Baked Mussel & Potato Risotto) recipes;calorie;anti-calorie;Ricetta lato destro;5;5;4;5;0;ice-cream;Green Tea-Ginger Ice Cream;Mile-High Ice Cream Cake;etichette;anti-calorie;Ricetta lato sinistro;3;4;4;5;0;4220060
180;110;Male;41-59; 1 time at week;Private company staff;rarely;1;No goals;Important;Very healty;octopus;Octopus Grilled;Baby Octopus With Pig Skin And Kimchi Mayonnaise;nutriscore;anti-calorie;Left side recipe;5;5;5;5;0;pasta;Parsley Orzo recipes;Amalfi Calamari Pasta;nutriscore;anti-calorie;Right side recipe;5;5;5;5;1;ice;Ice Cream In A Bag;Ice Box Cafe Peanut Butter Ice Cream Cake;etichette;anti-calorie;Right side recipe;5;5;5;5;0;6181469
170;58;Female;16-19; 1 time at week;Student;monthly;2;lose weight;Not important;Quite healty;Chicken;Mexicali Chicken;Fried Chicken;nutriscore;anti-calorie;Right side recipe;5;1;1;1;1;Pasta;Spring Mac and Cheese recipes;Amalfi Calamari Pasta;etichette;anti-calorie;Left side recipe;4;3;2;3;0;Cioccolato;Arance candite con cioccolato (chocolate d;Crostata di castagne, cioccolato e pere (c;nutriscore;anti-calorie;Right side recipe;5;1;1;1;1;1798439
160;56;Female;31-40;0;Unemployed;daily;3;gain weight;Important;Healty;Pizza;Deep Dish Pizza Quiche recipes;Stuffed Crust Cast-Iron Pizza with Smoked Mozzarella;etichette;anti-calorie;Right side recipe;4;3;2;3;1;Pasta;Parsley Orzo recipes;Amalfi Calamari Pasta;calorie;anti-calorie;Right side recipe;4;4;2;4;0;Cake;Melted Ice Cream Cake;Cake Doughnuts recipes;etichette;anti-calorie;Left side recipe;4;4;4;3;1;3302088
160;55;Female;60+;0;Personale dell'azienda pubblica;rarely;4;lose weight;Molto importante;sano;pollo;Pollo A La Brasa (Peruvian Rotisserie Chicken) recipes;Lizzys Pollo,Cilantro and Lime Empanada's;calorie;anti-calorie;Ricetta lato sinistro;5;5;5;4;1;pasta;Parsley Orzo recipes;Amalfi Calamari Pasta;nutriscore;anti-calorie;Ricetta lato sinistro;3;5;4;5;0;ice-cream;Green Tea-Ginger Ice Cream;Mile-High Ice Cream Cake;etichette;anti-calorie;Ricetta lato sinistro;3;5;4;5;0;9123815
180;65;Female;16-19;2-3 times at week;Unemployed;daily;3;lose weight;Very important;Quite healty;Salmon;Avocado On Rye Crackers With Smoked Salmon;Salmon Wellington;proteine;anti-calorie;Left side recipe;4;4;4;5;1;Fish;Naomi Duguid's Fish Cakes and Fish Balls;Smoked Fish with Mustard, Dill and Caper Sauce;calorie;anti-calorie;Left side recipe;4;3;3;2;1;Waffle;Skinny Strawberry Waffle Shortcake recipes;Chicken and Buttermilk Waffle Cupcakes;calorie;anti-calorie;Left side recipe;4;3;2;4;1;7508313
175;74;Male;41-59;0;Personale dell'azienda pubblica;monthly;2;lose weight;Importante;Non salutare;Pasta;Parsley Orzo recipes;Amalfi Calamari Pasta;nutriscore;anti-calorie;Right side recipe;4;3;2;4;0;Salsa;Spring Radish Salsa;Salsa Chicken Tenders;proteine;anti-calorie;Left side recipe;3;3;2;2;1;Ice-cream;Vanilla Ice-Cream Latte;Mile-High Ice Cream Cake;nutriscore;anti-calorie;Left side recipe;2;2;3;3;0;1070575
1700;87;Male;41-59; 1 time at week;Personale dell'azienda pubblica;monthly;4;lose weight;Importante;Abbastanza sano;Salmone;Smoked Salmon Tartare;Salmon Wellington;calorie;anti-calorie;Ricetta lato destro;4;4;4;4;1;Pasta;Parsley Orzo recipes;Amalfi Calamari Pasta;nutriscore;anti-calorie;Ricetta lato destro;4;4;4;4;0;Ice-cream;Vanilla Ice-Cream Latte;Mile-High Ice Cream Cake;calorie;anti-calorie;Ricetta lato sinistro;4;4;4;4;0;8778124
170;58;Female;26-30;4-5 times at week;Public company staff;daily;4;gain weight;Very important;Healty;smoked-salmon;Avocado On Rye Crackers With Smoked Salmon;Hot-Smoked Salmon Salad With A Chilli Lemon Dressing;proteine;anti-calorie;Left side recipe;5;5;5;5;1;pasta;Spring Mac and Cheese recipes;Amalfi Calamari Pasta;etichette;anti-calorie;Right side recipe;5;5;5;5;0;ice-cream;Vanilla Ice-Cream Latte;Mile-High Ice Cream Cake;nutriscore;anti-calorie;Left side recipe;5;5;5;5;1;7250625
172;90;Male;41-59; 1 time at week;Personale dell'azienda pubblica;rarely;3;gain weight;Importante;Abbastanza sano;Salmone;Avocado On Rye Crackers With Smoked Salmon;Salmon Wellington;nutriscore;anti-calorie;Ricetta lato destro;4;2;2;4;1;Pasta;Parsley Orzo recipes;Amalfi Calamari Pasta;proteine;anti-calorie;Ricetta lato destro;5;3;3;3;0;Ice-cream;Vanilla Ice-Cream Latte;Mile-High Ice Cream Cake;calorie;anti-calorie;Ricetta lato sinistro;5;3;3;5;0;3360566
158;90;Female;31-40;0;Self employed;daily;1;No goals;Important;Not healthy;Hamburger;Crispy Potato Wedges;Pulled Pork with Black Pepper Vinegar;nutriscore;anti-calorie;Ricetta lato sinistro;4;5;3;4;1;Pasta;Spring Mac and Cheese recipes;Amalfi Calamari Pasta;etichette;anti-calorie;Ricetta lato destro;3;4;2;3;0;Gelato;Cinnamon Gelato with Malassadas recipes;Apple Friters with Ice Cream: Fritelle di Mele con Gelato;etichette;anti-calorie;Ricetta lato sinistro;4;4;2;5;0;8963931
179;79;Male;20-25; 1 time at week;Student;monthly;2;No goals;Important;Quite healty;Pasta;Parsley Orzo recipes;Amalfi Calamari Pasta;nutriscore;anti-calorie;Nessuno di questi due;1;1;1;1;1;Ricotta;Cherries With Ricotta & Toasted Almonds;Ricotta Cannoli Cheesecake;proteine;anti-calorie;Ricetta lato sinistro;3;5;4;5;1;3003290
177;75;Male;41-59; 1 time at week;Public company staff;daily;5;No goals;Important;Quite healty;Smoked-salmon;Avocado On Rye Crackers With Smoked Salmon;Hot-Smoked Salmon Salad With A Chilli Lemon Dressing;nutriscore;anti-calorie;Right side recipe;3;3;3;3;1;Pasta;Parsley Orzo recipes;Amalfi Calamari Pasta;nutriscore;anti-calorie;Right side recipe;3;3;3;3;1;Ice-cream;Green Tea-Ginger Ice Cream;Mile-High Ice Cream Cake;etichette;anti-calorie;None of these two;1;1;5;5;1;9864382
168;67;Male;41-59;0;Personale dell'azienda pubblica;daily;3;No goals;Molto importante;Abbastanza sano;Pollo;Empanadas de Pollo al Verdeo (Chicken and Spring Onion Empanadas);Lizzys Pollo,Cilantro and Lime Empanada's;etichette;anti-calorie;Ricetta lato sinistro;3;2;1;4;0;Riso;Leftover Turkey Mushroom and Pancetta Riso;Riso Patate E Cozze (Baked Mussel & Potato Risotto) recipes;calorie;anti-calorie;Ricetta lato destro;3;3;3;4;1;Icecream;Easy Peach Basil Sorbet – No Icecream Maker Needed recipes;Snicker Cake and Ice Cream Fantasy Recipe;nutriscore;anti-calorie;Ricetta lato sinistro;3;4;3;4;0;5009117
165;65;Female;31-40;0;Personale aziendale privato;daily;4;lose weight;Importante;Abbastanza sano;Cioccolato;Fichi secchi al cioccolato (chocolate dipp;Fichi secchi al cioccolato (chocolate dipp;nutriscore;anti-calorie;Nessuno di questi due;1;1;3;1;0;Antipasto;Endive with Pecorino and Honey;Artichoke, Fennel, and Lemon Fritto Misto;calorie;anti-calorie;Ricetta lato destro;3;2;1;2;0;Primo;Masa Muffins recipes;Primo Peach and Plum Cobbler;calorie;anti-calorie;Ricetta lato sinistro;3;1;1;3;1;2299430
165;65;Female;31-40;0;Personale aziendale privato;daily;4;lose weight;Molto importante;Abbastanza sano;Antipasto;Simple Antipasto Salad;Artichoke, Fennel, and Lemon Fritto Misto;proteine;anti-calorie;Ricetta lato sinistro;3;5;5;5;0;Primo;Risi E Bisi;Primo Grilled Jalapeno Poppers recipes;calorie;anti-calorie;Ricetta lato destro;4;2;2;4;0;Dessert;Dessert Island Parfait;Pomegranate Chocolate Dessert;calorie;anti-calorie;Ricetta lato destro;5;2;2;2;1;5517564
165;65;Female;31-40;0;Personale aziendale privato;daily;4;lose weight;Importante;Abbastanza sano;Antipasto;Antipasto Rollups;Artichoke, Fennel, and Lemon Fritto Misto;nutriscore;anti-calorie;Ricetta lato sinistro;4;2;2;4;0;Primo;Risi E Bisi;Primo Grilled Jalapeno Poppers recipes;etichette;anti-calorie;Ricetta lato sinistro;3;3;3;3;0;Cioccolato;Salame di Cioccolato con Nutella® (Italian Chocolate Salami);Crostata di castagne, cioccolato e pere (c;proteine;anti-calorie;Ricetta lato sinistro;4;2;2;5;0;8329872
165;55;Female;31-40; 1 time at week;Personale aziendale privato;rarely;3;No goals;Molto importante;Abbastanza sano;Pollo;Pollo A La Brasa (Peruvian Rotisserie Chicken) recipes;Lizzys Pollo,Cilantro and Lime Empanada's;nutriscore;anti-calorie;Ricetta lato sinistro;2;4;1;5;1;Pasta;Parsley Orzo recipes;Amalfi Calamari Pasta;calorie;anti-calorie;Ricetta lato destro;4;1;1;1;0;Cheesecake;Lemon Cheesecake Cupcakes;Cheesecake-Stuffed Luscious Lemon Cake;proteine;anti-calorie;Ricetta lato sinistro;3;3;1;4;1;1064980
175;56;Male;16-19;2-3 times at week;Alunno;rarely;1;No goals;Molto importante;Molto salutare;pollo;Empanadas de Pollo al Verdeo (Chicken and Spring Onion Empanadas);Lizzys Pollo,Cilantro and Lime Empanada's;etichette;anti-calorie;Ricetta lato destro;4;3;2;1;0;risotto-di-mare;Croatian Dalmatian red risotto (fisherman's risotto);Risotto ai Frutti di Mare;etichette;anti-calorie;Ricetta lato destro;4;2;3;3;1;ice-cream;Vanilla Ice-Cream Latte;Mile-High Ice Cream Cake;proteine;anti-calorie;Ricetta lato destro;4;1;2;2;0;5046899
175;58;Female;20-25;2-3 times at week;Student;rarely;3;lose weight;Very important;Quite healty;pasta;Spring Mac and Cheese recipes;Amalfi Calamari Pasta;etichette;anti-calorie;Left side recipe;4;3;3;3;1;rice;Quickie Pickled Radishes;Salmon Rice Fritters;proteine;anti-calorie;Left side recipe;3;5;5;5;0;pancake;Chris Santos's Oreo Pancake Recipe Is a Brunch-Party Pleaser;Chocolate Candy Cane Tower;proteine;anti-calorie;Left side recipe;5;5;3;5;1;8541635
164;55;Female;20-25;0;Alunno;monthly;4;No goals;Molto importante;sano;lenticchie;Lenticchie e Lonza {Lentils and Bacon} recipes;Lenticchie e Lonza {Lentils and Bacon} recipes;etichette;anti-calorie;Ricetta lato sinistro;4;4;4;3;0;pasta;Parsley Orzo recipes;Amalfi Calamari Pasta;calorie;anti-calorie;Ricetta lato destro;5;4;3;4;0;cioccolato;Cupcakes with bacon, pineapple and chives;Crostata di castagne, cioccolato e pere (c;etichette;anti-calorie;Ricetta lato destro;4;3;3;4;1;5585327
177;65;Male;41-59;more of 5 times at week;Personale aziendale privato;monthly;5;No goals;Molto importante;Molto salutare;salmone;Endive with Salmon and Capers;Salmon Wellington;proteine;anti-calorie;Ricetta lato sinistro;4;3;2;1;0;sugo;Tomato Sugo Recipe;Polpette Di Melanzane With Sugo Di Pomodoro;nutriscore;anti-calorie;Ricetta lato destro;4;3;2;4;0;cioccolata;Anisette Glazed Bittersweet Chocolate Tart: Torta di Cioccolata Amara con Glasse di Anice;Anisette Glazed Bittersweet Chocolate Tart: Torta di Cioccolata Amara con Glasse di Anice;proteine;anti-calorie;Ricetta lato sinistro;4;1;2;1;0;9339390
178;84;Male;41-59;2-3 times at week;Public company staff;daily;4;lose weight;Important;Healty;Pollo;Pollo A La Brasa (Peruvian Rotisserie Chicken) recipes;Lizzys Pollo,Cilantro and Lime Empanada's;calorie;anti-calorie;Ricetta lato sinistro;4;3;1;4;0;Pasta;Parsley Orzo recipes;Amalfi Calamari Pasta;proteine;anti-calorie;Ricetta lato sinistro;2;4;4;3;1;Crema;Frozen Chocolate Dream Shooters;Mexican Chocolate Pecan Pie;nutriscore;anti-calorie;Ricetta lato sinistro;4;2;2;4;0;4971309
163;75;Female;20-25;2-3 times at week;Student;rarely;3;No goals;Important;Quite healty;bruschetta;Pepper Bruschetta;Muffuletta Bruschetta;nutriscore;anti-calorie;Left side recipe;4;4;3;5;0;risotto;Tomato Risotto;Beet Risotto;proteine;anti-calorie;Left side recipe;5;4;3;4;1;gelato;Strawberry Gelato recipes;Apple Friters with Ice Cream: Fritelle di Mele con Gelato;calorie;anti-calorie;Left side recipe;4;3;3;3;1;6559285
168;65;Female;31-40;0;Personale aziendale privato;monthly;3;No goals;Importante;sano;pesce-spada;Crostini di Pesce Spada (smoked swordfish toasts);Crostini di Pesce Spada (smoked swordfish toasts);etichette;anti-calorie;Ricetta lato sinistro;5;5;4;5;0;risotto;Tomato Risotto;Beet Risotto;calorie;anti-calorie;Ricetta lato sinistro;4;5;4;5;0;ice-cream;Vanilla Ice-Cream Latte;Mile-High Ice Cream Cake;proteine;anti-calorie;Ricetta lato sinistro;4;4;4;5;1;2730291
175;70;Male;20-25;2-3 times at week;Student;monthly;3;No goals;Important;Quite healty;Pollo;Pollo A La Brasa (Peruvian Rotisserie Chicken) recipes;Lizzys Pollo,Cilantro and Lime Empanada's;calorie;anti-calorie;Left side recipe;5;4;5;4;1;Pasta;Parsley Orzo recipes;Amalfi Calamari Pasta;calorie;anti-calorie;Left side recipe;5;4;5;5;0;Gelato;Cinnamon Gelato with Malassadas recipes;Apple Friters with Ice Cream: Fritelle di Mele con Gelato;etichette;anti-calorie;Right side recipe;5;5;4;4;0;1944183
175;70;Male;20-25;2-3 times at week;Student;monthly;3;No goals;Important;Quite healty;Hamburger;The Secret Ingredient (Ginger Jam): Sweet Ginger Seared Tuna Recipe;Pulled Pork with Black Pepper Vinegar;calorie;anti-calorie;Right side recipe;4;5;5;5;0;Salmon;Avocado On Rye Crackers With Smoked Salmon;Salmon Wellington;proteine;anti-calorie;Right side recipe;5;4;5;5;1;Pasta;Seriously Italian: Pastiera (Ricotta and Cooked Grains Cake) Recipe;The Nasty Bits: How to Render Leaf Lard (with Welsh Griddle Cakes Recipe);etichette;anti-calorie;Left side recipe;5;5;5;4;0;6824180
183;78;Male;16-19;2-3 times at week;Student;monthly;4;gain weight;Important;Quite healty;Torta;Goat Cheese Torta;Giant Milanesa Torta With Crispy Chicken Tenders;nutriscore;anti-calorie;Left side recipe;4;5;4;4;1;Riso;Leftover Turkey Mushroom and Pancetta Riso;Riso Patate E Cozze (Baked Mussel & Potato Risotto) recipes;proteine;anti-calorie;Right side recipe;5;5;5;5;1;Pancake;Tart-Sweet Lemon Blackberry Pancake Topping recipes;Chocolate Candy Cane Tower;calorie;anti-calorie;Left side recipe;3;5;4;5;1;4569515
167;65;Female;16-19;2-3 times at week;Student;rarely;3;lose weight;Important;Quite healty;pollo;Pollo A La Brasa (Peruvian Rotisserie Chicken) recipes;Lizzys Pollo,Cilantro and Lime Empanada's;nutriscore;anti-calorie;Left side recipe;5;2;2;4;1;pasta;Spring Mac and Cheese recipes;Amalfi Calamari Pasta;etichette;anti-calorie;Right side recipe;5;3;2;4;0;cheese-cake;Honor: Coconut Cake with Coconut Creme Filling and Cream Cheese Buttercream;Vanilla-Buttermilk Wedding Cake With Raspberries and Orange Cream-Cheese Frosting;etichette;anti-calorie;None of these two;1;1;1;1;0;5276982
168;53;Female;41-59; 1 time at week;Private company staff;daily;4;gain weight;Very important;Healty;Fish;Steamed Fish With Ginger & Orange;Smoked Fish with Mustard, Dill and Caper Sauce;nutriscore;anti-calorie;Ricetta lato sinistro;4;5;2;3;1;Pasta;Spring Mac and Cheese recipes;Amalfi Calamari Pasta;etichette;anti-calorie;Ricetta lato destro;5;5;2;2;0;Carne;Cook the Book: Frito Pie;Chipotle Trail Mix;calorie;anti-calorie;Ricetta lato destro;5;5;2;2;0;7435570
181;75;Male;41-59;0;Public company staff;daily;3;lose weight;Very important;Quite healty;Smoked-salmon;Avocado On Rye Crackers With Smoked Salmon;Hot-Smoked Salmon Salad With A Chilli Lemon Dressing;proteine;anti-calorie;Left side recipe;4;5;4;5;1;Pasta;Parsley Orzo recipes;Amalfi Calamari Pasta;proteine;anti-calorie;Left side recipe;4;5;4;3;1;Cake;Banana Rice Cake;Cake Doughnuts recipes;calorie;anti-calorie;Left side recipe;4;4;4;5;0;1167877
172;74;Female;41-59; 1 time at week;Personale dell'azienda pubblica;daily;3;lose weight;Molto importante;Abbastanza sano;TARTINE;Tic Tac Toe Tartine with Red Radishes;SMOKED SALMON TARTINE with asparagus butte;calorie;anti-calorie;Ricetta lato destro;4;4;4;4;1;RISOTTO;Tomato Risotto;Beet Risotto;calorie;anti-calorie;Ricetta lato sinistro;4;5;3;4;1;CROSTATA;Cinnamon-Apple Crostata;Pear and Cranberry Crostata;etichette;anti-calorie;Ricetta lato sinistro;3;3;4;4;0;5368870
173;70;Female;41-59;2-3 times at week;Personale dell'azienda pubblica;monthly;3;No goals;Molto importante;Abbastanza sano;Pollo;Pollo A La Brasa (Peruvian Rotisserie Chicken) recipes;Lizzys Pollo,Cilantro and Lime Empanada's;proteine;anti-calorie;Nessuno di questi due;1;1;1;1;1;Pasta;Parsley Orzo recipes;Amalfi Calamari Pasta;calorie;anti-calorie;Ricetta lato sinistro;3;2;1;3;0;Mascarpone;Lemon-Blueberry with Mascarpone Oatmeal;Orange Marmalade Tarts with Bittersweet Chocolate Ganache and Mascarpone Crème;calorie;anti-calorie;Ricetta lato sinistro;4;3;2;4;1;2242247
168;85;Female;41-59;0;Unemployed;daily;5;lose weight;Not important;;Prosciutto;Panino di Prosciutto e Fontina;Prosciutto-wrapped Mozzarella;etichette;anti-calorie;Left side recipe;5;4;1;5;1;Pasta-pesto;Spinach-Walnut Pesto;Delicioso Antipasto Pasta Salad;proteine;anti-calorie;Right side recipe;5;5;1;5;1;Crostata;Apple Crostata Recipe;Pear and Cranberry Crostata;nutriscore;anti-calorie;Left side recipe;5;5;1;5;1;5906715
180;85;Male;41-59; 1 time at week;Public company staff;daily;1;No goals;Important;Healty;Andrea;Chopped Egg and Garlic Vinaigrette;Salt and Pepper Shrimp;calorie;anti-calorie;Right side recipe;3;4;4;4;1;Andrea;Andrea's Steamed Buns;Salt and Pepper Shrimp;etichette;anti-calorie;Right side recipe;3;4;3;4;1;Andrea;This Sweet Breakfast Galette Will Make Your Morning Peachy;Andrea’s Fudge recipes;calorie;anti-calorie;Left side recipe;3;4;3;4;0;9670893
172;55;Female;41-59;0;Public company staff;rarely;2;gain weight;Very important;Quite healty;Pollo;Pollo A La Brasa (Peruvian Rotisserie Chicken) recipes;Lizzys Pollo,Cilantro and Lime Empanada's;calorie;anti-calorie;Left side recipe;2;4;4;5;0;Rice;Quickie Pickled Radishes;Salmon Rice Fritters;proteine;anti-calorie;Right side recipe;3;2;2;3;0;Cake;Simple Spiderweb Cake;Cake Doughnuts recipes;proteine;anti-calorie;None of these two;1;4;1;2;1;4773963
175;73;Male;20-25;4-5 times at week;Student;daily;3;lose weight;Important;Quite healty;Chicken;Mexicali Chicken;Fried Chicken;nutriscore;anti-calorie;Left side recipe;3;2;3;3;0;Pasta;Spring Mac and Cheese recipes;Amalfi Calamari Pasta;etichette;anti-calorie;Left side recipe;5;5;5;5;1;Pancake;Chris Santos's Oreo Pancake Recipe Is a Brunch-Party Pleaser;Chocolate Candy Cane Tower;proteine;anti-calorie;Left side recipe;5;5;5;5;0;3122004
160;100;Female;60+;0;Public company staff;monthly;5;lose weight;Very important;Not healthy;prosciutto;Panino di Prosciutto e Fontina;Prosciutto-wrapped Mozzarella;etichette;anti-calorie;Right side recipe;4;1;2;5;1;Pasta;Spring Mac and Cheese recipes;Amalfi Calamari Pasta;etichette;anti-calorie;None of these two;1;1;1;1;0;Chocolate;Chocolate & Banana;Chocolate Cake with Chocolate-Coffee Buttercream;proteine;anti-calorie;Left side recipe;5;2;1;4;0;1299896
158;60;Female;41-59;0;Personale dell'azienda pubblica;rarely;4;No goals;Molto importante;Abbastanza sano;Pesce;Pesce Al Forno Con Pomodorini E Gremolata recipes;Crostini di Pesce Spada (smoked swordfish toasts);calorie;anti-calorie;Ricetta lato destro;3;5;3;1;0;Pasta;Spring Mac and Cheese recipes;Amalfi Calamari Pasta;etichette;anti-calorie;Ricetta lato sinistro;3;3;1;5;1;Gelato;Strawberry Gelato recipes;Apple Friters with Ice Cream: Fritelle di Mele con Gelato;nutriscore;anti-calorie;Ricetta lato sinistro;3;5;3;5;1;7804662
173;93;Male;41-59;0;Self employed;rarely;5;No goals;Poorly important;Quite healty;Hamburger;Cream Cheese Pizza Pasties;Pulled Pork with Black Pepper Vinegar;etichette;anti-calorie;Right side recipe;5;5;5;5;1;rice;Quickie Pickled Radishes;Salmon Rice Fritters;proteine;anti-calorie;Right side recipe;2;2;2;2;1;cake;Simple Spiderweb Cake;Cake Doughnuts recipes;proteine;anti-calorie;Left side recipe;4;4;4;4;1;1617879
166;72;Female;41-59;2-3 times at week;Personale dell'azienda pubblica;rarely;3;lose weight;Molto importante;Abbastanza sano;Prosciutto;Panino di Prosciutto e Fontina;Prosciutto-wrapped Mozzarella;etichette;anti-calorie;Ricetta lato destro;3;3;1;5;0;Riso;Riso Patate E Cozze (Baked Mussel & Potato Risotto) recipes;Riso Patate E Cozze (Baked Mussel & Potato Risotto) recipes;etichette;anti-calorie;Nessuno di questi due;1;1;1;2;1;Ice-cream;Vanilla Ice-Cream Latte;Mile-High Ice Cream Cake;proteine;anti-calorie;Nessuno di questi due;1;1;1;1;0;7950298
156;56;Female;41-59; 1 time at week;disoccupato;daily;2;lose weight;Molto importante;Abbastanza sano;Sedano;Fried Celery (Sedano Fritto);TARTARE DI SALMONE con champignon, sedano e semi di papavero recipes;proteine;anti-calorie;Ricetta lato destro;3;5;5;3;0;Spaghetti;Syrian Candied Gourd for Rosh Hashanah recipes;Amalfi Calamari Pasta;proteine;anti-calorie;Ricetta lato destro;5;4;3;2;1;Latte;Gingerbread “not” A Latte recipes;Chocolate Cinnamon Latte;proteine;anti-calorie;Ricetta lato sinistro;3;3;2;3;0;2961783
167;56;Female;41-59; 1 time at week;Personale aziendale privato;rarely;3;lose weight;Molto importante;Abbastanza sano;Pollo;Empanadas de Pollo al Verdeo (Chicken and Spring Onion Empanadas);Lizzys Pollo,Cilantro and Lime Empanada's;etichette;anti-calorie;Ricetta lato sinistro;5;5;4;5;0;Pasta;Spring Mac and Cheese recipes;Amalfi Calamari Pasta;etichette;anti-calorie;Ricetta lato destro;5;4;3;3;1;Crema;Frozen Chocolate Dream Shooters;Mexican Chocolate Pecan Pie;calorie;anti-calorie;Ricetta lato sinistro;4;3;4;4;0;8190173
182;84;Male;41-59;2-3 times at week;Personale dell'azienda pubblica;rarely;2;lose weight;Importante;Abbastanza sano;polpo;Steamed Monkfish: Polpo in Umido;POLPO AL PINOT NERO con patate e salsa all;nutriscore;anti-calorie;Ricetta lato destro;5;4;4;4;1;cavatelli;Ricotta Cavatelli with Toasted Walnuts & Baby Greens recipes;Ricotta Cavatelli With Bacon And Zucchini;etichette;anti-calorie;Ricetta lato sinistro;5;5;5;5;0;sacher;Red Cabbage with Apples (Rotkraut Mit Apfeln);Sacher Torte recipes;etichette;anti-calorie;Ricetta lato destro;5;3;3;3;0;5719755
165;90;Female;41-59;0;Personale dell'azienda pubblica;monthly;3;lose weight;Molto importante;Abbastanza sano;Salmone;Avocado On Rye Crackers With Smoked Salmon;Salmon Wellington;nutriscore;anti-calorie;Ricetta lato sinistro;1;5;1;2;0;Pasta;Spring Mac and Cheese recipes;Amalfi Calamari Pasta;etichette;anti-calorie;Ricetta lato sinistro;1;5;1;1;0;Crostata;Cinnamon-Apple Crostata;Pear and Cranberry Crostata;etichette;anti-calorie;Ricetta lato sinistro;4;4;1;1;1;4091363
165;90;Female;41-59;0;Personale dell'azienda pubblica;monthly;3;lose weight;Molto importante;Abbastanza sano;Formaggio;Zucchini al Formaggio;Pasta Quattro Formaggio Con Prosciutto E Cavolfiore Recipe;calorie;anti-calorie;Ricetta lato sinistro;5;1;1;1;1;Riso;Leftover Turkey Mushroom and Pancetta Riso;Riso Patate E Cozze (Baked Mussel & Potato Risotto) recipes;nutriscore;anti-calorie;Ricetta lato destro;2;5;1;1;1;Torta;Torta Mimosa;Torta di Castagne - Chestnut Cake;calorie;anti-calorie;Ricetta lato sinistro;3;5;1;3;0;1705258
160;56;Female;41-59;0;Public company staff;daily;3;lose weight;Very important;Healty;fish;Naomi Duguid's Fish Cakes and Fish Balls;Smoked Fish with Mustard, Dill and Caper Sauce;calorie;anti-calorie;Left side recipe;4;3;3;4;1;pasta;Parsley Orzo recipes;Amalfi Calamari Pasta;calorie;anti-calorie;Right side recipe;5;4;3;4;0;ice-cream;Green Tea-Ginger Ice Cream;Mile-High Ice Cream Cake;etichette;anti-calorie;Left side recipe;5;4;3;3;1;1867402
174;68;Female;31-40;more of 5 times at week;disoccupato;daily;3;lose weight;Molto importante;sano;Pollo;Pollo A La Brasa (Peruvian Rotisserie Chicken) recipes;Lizzys Pollo,Cilantro and Lime Empanada's;proteine;anti-calorie;Ricetta lato sinistro;5;4;3;5;0;Pasta;Parsley Orzo recipes;Amalfi Calamari Pasta;calorie;anti-calorie;Ricetta lato sinistro;4;5;4;4;0;Ice-cream;Vanilla Ice-Cream Latte;Mile-High Ice Cream Cake;nutriscore;anti-calorie;Ricetta lato sinistro;4;5;3;5;1;4920790
168;85;Female;41-59;0;Unemployed;daily;5;lose weight;Not important;;Prosciutto;Panino di Prosciutto e Fontina;Prosciutto-wrapped Mozzarella;etichette;anti-calorie;Left side recipe;5;4;1;5;1;Pasta-pesto;Spinach-Walnut Pesto;Delicioso Antipasto Pasta Salad;proteine;anti-calorie;Right side recipe;5;5;1;5;1;;Ice-cream;Vanilla Ice-Cream Latte;Mile-High Ice Cream Cake;calorie;anti-calorie;Ricetta lato sinistro;4;3;3;5;0;4298064
182;83;Male;41-59; 1 time at week;Self employed;daily;3;lose weight;Very important;Quite healty;pesce;Pesce Al Forno Con Pomodorini E Gremolata recipes;Crostini di Pesce Spada (smoked swordfish toasts);etichette;anti-calorie;Left side recipe;4;4;4;4;1;pasta;Parsley Orzo recipes;Amalfi Calamari Pasta;nutriscore;anti-calorie;Left side recipe;3;5;4;3;1;gelato;Strawberry Gelato recipes;Apple Friters with Ice Cream: Fritelle di Mele con Gelato;nutriscore;anti-calorie;Left side recipe;4;4;4;4;0;5458124
152;52;Female;20-25;0;Student;daily;3;No goals;Important;Healty;Smoked-salmon;Avocado On Rye Crackers With Smoked Salmon;Hot-Smoked Salmon Salad With A Chilli Lemon Dressing;nutriscore;anti-calorie;Left side recipe;5;5;5;5;0;Pasta;Parsley Orzo recipes;Amalfi Calamari Pasta;calorie;anti-calorie;Left side recipe;5;5;5;5;0;Pancake;Tart-Sweet Lemon Blackberry Pancake Topping recipes;Chocolate Candy Cane Tower;calorie;anti-calorie;Left side recipe;5;5;5;5;0;8610995
160;40;Female;41-59;0;Self employed;rarely;4;No goals;Important;Not healthy;hamburger;Crispy Potato Wedges;Pulled Pork with Black Pepper Vinegar;nutriscore;anti-calorie;Left side recipe;3;3;2;2;1;fish;Steamed Fish With Ginger & Orange;Smoked Fish with Mustard, Dill and Caper Sauce;nutriscore;anti-calorie;Left side recipe;5;4;2;3;1;pancake;Tart-Sweet Lemon Blackberry Pancake Topping recipes;Chocolate Candy Cane Tower;calorie;anti-calorie;Left side recipe;1;1;1;1;0;6168289
160;54;Female;31-40;0;Private company staff;rarely;5;No goals;Important;Quite healty;Chicken;Chicken Saltimbocca;Fried Chicken;etichette;anti-calorie;Left side recipe;5;4;2;3;1;Pasta;Parsley Orzo recipes;Amalfi Calamari Pasta;proteine;anti-calorie;Left side recipe;5;4;2;4;1;Tiramisu;Amaretto Tiramisu for Two;Tiramisu;calorie;anti-calorie;Right side recipe;5;3;3;3;1;4585001
170;69;Male;41-59;2-3 times at week;Public company staff;daily;1;gain weight;Important;Quite healty;Spaghetti;Spaghetti Cup Nests recipes;Amalfi Calamari Pasta;nutriscore;anti-calorie;Left side recipe;3;3;3;4;0;Pizza;Grilled Green Onions with Picholine Olives, Lemon and Thyme;Stuffed Crust Cast-Iron Pizza with Smoked Mozzarella;nutriscore;anti-calorie;Right side recipe;4;3;3;4;1;Cake;Banana Rice Cake;Cake Doughnuts recipes;calorie;anti-calorie;Right side recipe;3;3;3;4;0;6238226
165;65;Female;41-59;0;Self employed;rarely;3;No goals;Very important;Not healthy;Salmon;Avocado On Rye Crackers With Smoked Salmon;Salmon Wellington;nutriscore;anti-calorie;Left side recipe;2;3;3;3;1;Sugo;Tomato Sugo Recipe;Polpette Di Melanzane With Sugo Di Pomodoro;calorie;anti-calorie;Right side recipe;3;3;3;3;1;Pancake;Cinnamon Mascarpone Pancakes with Warm Morello Cherries and Hazelnuts;Chocolate Candy Cane Tower;etichette;anti-calorie;Left side recipe;3;3;3;3;0;5700200
160;75;Female;41-59; 1 time at week;Public company staff;rarely;2;lose weight;Very important;Quite healty;Chicken;Kickin' Chicken;Fried Chicken;proteine;anti-calorie;Left side recipe;4;4;3;3;0;Rice;Shrimp Summer Rolls with Sesame-Soy Dipping Sauce recipes;Salmon Rice Fritters;etichette;anti-calorie;Left side recipe;3;3;3;3;1;Cake;Melted Ice Cream Cake;Cake Doughnuts recipes;etichette;anti-calorie;Left side recipe;3;3;2;3;0;8795617
170;70;Male;60+;0;Public company staff;monthly;3;No goals;Important;Healty;Chicken;Kickin' Chicken;Fried Chicken;proteine;anti-calorie;Left side recipe;5;4;4;4;1;Pasta;Spring Mac and Cheese recipes;Amalfi Calamari Pasta;etichette;anti-calorie;Left side recipe;5;4;4;4;0;Cake;Cinnamon-Strawberry Cake recipes;Cake Doughnuts recipes;nutriscore;anti-calorie;Left side recipe;5;5;5;5;1;6051767
160;56;Female;41-59;0;Private company staff;daily;3;lose weight;Important;Quite healty;Stella;Lemon Parmesan Zucchini Chips with Basil Aioli;Have a Yummy Yuletide with Stella Cheese! recipes;etichette;anti-calorie;Left side recipe;4;4;4;3;1;Pasta;Parsley Orzo recipes;Amalfi Calamari Pasta;nutriscore;anti-calorie;Right side recipe;5;5;5;5;1;Cake;Banana Rice Cake;Cake Doughnuts recipes;calorie;anti-calorie;None of these two;1;2;2;2;1;3784290
175;72;Female;41-59;0;Private company staff;daily;4;No goals;Important;Not healthy;pollo;Empanadas de Pollo al Verdeo (Chicken and Spring Onion Empanadas);Lizzys Pollo,Cilantro and Lime Empanada's;etichette;anti-calorie;None of these two;3;3;3;4;1;pasta;Parsley Orzo recipes;Amalfi Calamari Pasta;nutriscore;anti-calorie;Right side recipe;3;3;3;3;1;cake;Cinnamon-Strawberry Cake recipes;Cake Doughnuts recipes;nutriscore;anti-calorie;Left side recipe;3;3;3;3;0;9224849
183;72;Male;41-59;2-3 times at week;Personale aziendale privato;rarely;3;No goals;Molto importante;sano;smoked-salmon;Smoked Salmon Tartare;Hot-Smoked Salmon Salad With A Chilli Lemon Dressing;calorie;anti-calorie;Ricetta lato sinistro;4;5;3;2;0;rice;Cilantro Shrimp with Squash, Chard, and Wild Rice;Salmon Rice Fritters;nutriscore;anti-calorie;Left side recipe;4;5;2;4;1;cake;Simple Spiderweb Cake;Cake Doughnuts recipes;proteine;anti-calorie;Ricetta lato sinistro;3;2;2;3;0;6616662
158;55;Female;16-19;2-3 times at week;Student;rarely;2;lose weight;Very important;Quite healty;hamburger;Cream Cheese Pizza Pasties;Pulled Pork with Black Pepper Vinegar;etichette;anti-calorie;Left side recipe;3;2;2;1;0;pasta;Parsley Orzo recipes;Amalfi Calamari Pasta;proteine;anti-calorie;Right side recipe;4;2;1;1;0;gelato;Cinnamon Gelato with Malassadas recipes;Apple Friters with Ice Cream: Fritelle di Mele con Gelato;etichette;anti-calorie;Left side recipe;5;4;2;4;1;6370326
160;57;Female;41-59; 1 time at week;Public company staff;daily;5;lose weight;Important;Quite healty;Salmon;Smoked Salmon Tartare;Salmon Wellington;calorie;anti-calorie;Left side recipe;4;3;3;5;0;Rice;Shrimp Summer Rolls with Sesame-Soy Dipping Sauce recipes;Salmon Rice Fritters;etichette;anti-calorie;Left side recipe;4;4;4;3;0;Ice-cream;Vanilla Ice-Cream Latte;Mile-High Ice Cream Cake;proteine;anti-calorie;Right side recipe;5;2;1;2;0;4792366
161;65;Female;41-59;2-3 times at week;Self employed;daily;4;lose weight;Important;Healty;hamburger;Crisp Onion Relish;Pulled Pork with Black Pepper Vinegar;proteine;anti-calorie;Left side recipe;5;5;5;5;0;riso;Leftover Turkey Mushroom and Pancetta Riso;Riso Patate E Cozze (Baked Mussel & Potato Risotto) recipes;calorie;anti-calorie;Right side recipe;5;5;5;5;1;gelato;Strawberry Gelato recipes;Apple Friters with Ice Cream: Fritelle di Mele con Gelato;proteine;anti-calorie;Left side recipe;5;5;5;5;1;4053053
180;74;Male;41-59;4-5 times at week;Self employed;daily;2;No goals;Very important;Quite healty;toast;Apricot-Hazelnut Toast;Sail Away Shrimp Toast;calorie;anti-calorie;Right side recipe;3;5;3;2;0;pasta;Parsley Orzo recipes;Amalfi Calamari Pasta;calorie;anti-calorie;Right side recipe;5;4;2;2;1;rice;DIY Rice Milk Recipe;Rice Pudding;nutriscore;anti-calorie;None of these two;1;3;3;2;1;7307230
163;67;Female;41-59;2-3 times at week;Student;monthly;2;lose weight;Not important;Quite healty;CHICKEN;Kickin' Chicken;Fried Chicken;calorie;anti-calorie;Left side recipe;2;3;4;2;1;CHICKEN;Mexicali Chicken;Fried Chicken;nutriscore;anti-calorie;None of these two;3;3;2;3;0;CHICKEN;Chicken Pot Pie Turnovers;Chicken Pot Pie;calorie;anti-calorie;Right side recipe;3;3;2;4;1;1564420
174;98;Male;60+;0;Public company staff;rarely;1;lose weight;Very important;Quite healty;mozzarella;Balsamic Rhubarb with Breadpudding and Mozzarella;Stuffed Crust Cast-Iron Pizza with Smoked Mozzarella;calorie;anti-calorie;Right side recipe;4;2;1;3;1;Sugo;Tomato Sugo Recipe;Polpette Di Melanzane With Sugo Di Pomodoro;nutriscore;anti-calorie;Right side recipe;5;3;2;3;1;Ice-cream;Green Tea-Ginger Ice Cream;Mile-High Ice Cream Cake;etichette;anti-calorie;Right side recipe;5;1;1;3;1;9899044
164;56;Female;41-59;2-3 times at week;Public company staff;rarely;3;lose weight;Very important;Healty;Salmone;Endive with Salmon and Capers;Salmon Wellington;proteine;anti-calorie;Left side recipe;5;5;5;5;0;Carne;Spanish Rice;Vegetarian Tamales with Pinto Beans recipes;etichette;anti-calorie;None of these two;1;1;1;1;1;Gelato;Strawberry Gelato recipes;Apple Friters with Ice Cream: Fritelle di Mele con Gelato;calorie;anti-calorie;Left side recipe;4;5;4;5;0;9622509
177;89;Male;41-59; 1 time at week;Personale aziendale privato;rarely;3;lose weight;Importante;Abbastanza sano;pomodoro;Bruschetta Al Pomodoro - Tomato Bruschetta;Bruschetta Pomodoro;calorie;anti-calorie;Ricetta lato sinistro;4;4;4;4;0;riso;Leftover Turkey Mushroom and Pancetta Riso;Riso Patate E Cozze (Baked Mussel & Potato Risotto) recipes;calorie;anti-calorie;Ricetta lato destro;4;4;4;4;1;gelato;Strawberry Gelato recipes;Apple Friters with Ice Cream: Fritelle di Mele con Gelato;calorie;anti-calorie;Nessuno di questi due;2;1;1;1;1;9365497
178;89;Male;20-25;2-3 times at week;Student;rarely;3;No goals;Important;Healty;Carbonara;Carbonara-Style Baked Stuffed Potatoes;Carbonara-Style Baked Stuffed Potatoes;etichette;anti-calorie;Left side recipe;5;5;5;5;1;C;Sweet Onion Tart;Pea Fritters;etichette;anti-calorie;Left side recipe;5;5;5;5;1;Cake;Simple Spiderweb Cake;Cake Doughnuts recipes;proteine;anti-calorie;Right side recipe;5;5;5;5;1;1374250
174;85;Male;41-59;0;Personale aziendale privato;rarely;3;lose weight;Molto importante;Non salutare;Pollo;Pollo A La Brasa (Peruvian Rotisserie Chicken) recipes;Lizzys Pollo,Cilantro and Lime Empanada's;calorie;anti-calorie;Ricetta lato sinistro;5;3;3;4;0;Spaghetti;Easy, Cheesy Zucchini Bake;Amalfi Calamari Pasta;etichette;anti-calorie;Ricetta lato destro;5;4;3;4;0;Crema;Frozen Chocolate Dream Shooters;Mexican Chocolate Pecan Pie;calorie;anti-calorie;Nessuno di questi due;1;2;2;2;0;8798604
160;68;Female;41-59;0;Public company staff;daily;4;No goals;Important;Healty;ham;Green Eggs and Ham Omelet recipes;Garlicky Ham and Swiss;nutriscore;anti-calorie;Left side recipe;5;4;3;5;0;fish;Steamed Fish With Ginger & Orange;Smoked Fish with Mustard, Dill and Caper Sauce;nutriscore;anti-calorie;Left side recipe;5;5;5;5;0;ice;Ice Cream In A Bag;Ice Box Cafe Peanut Butter Ice Cream Cake;etichette;anti-calorie;Left side recipe;4;3;3;2;0;2792958
152;82;Female;41-59;0;Personale dell'azienda pubblica;rarely;2;lose weight;Importante;Non salutare;prosciutto;Prosciutto-Wrapped Asparagus;Prosciutto-wrapped Mozzarella;nutriscore;anti-calorie;Ricetta lato sinistro;2;5;5;2;1;pasta;Parsley Orzo recipes;Amalfi Calamari Pasta;nutriscore;anti-calorie;Ricetta lato destro;5;1;1;2;0;cioccolato;Cupcakes with bacon, pineapple and chives;Crostata di castagne, cioccolato e pere (c;etichette;anti-calorie;Ricetta lato destro;5;3;3;4;0;9571983
152;82;Female;41-59;0;Personale dell'azienda pubblica;rarely;2;lose weight;Importante;Non salutare;mozzarella;Zucchini Canoes;Stuffed Crust Cast-Iron Pizza with Smoked Mozzarella;etichette;anti-calorie;Ricetta lato sinistro;5;5;2;5;1;sugo;Tomato Sugo Recipe;Polpette Di Melanzane With Sugo Di Pomodoro;calorie;anti-calorie;Ricetta lato destro;5;2;1;1;0;panna;Pandan Coconut Panna Cotta;Chocolate Panna Cotta Layer Cake;nutriscore;anti-calorie;Ricetta lato destro;5;1;1;1;1;2991960
160;50;Female;41-59;0;Personale dell'azienda pubblica;rarely;4;No goals;Molto importante;Abbastanza sano;Crocchette;Potato Croquettes (Crocchette di Patate);Potato Croquettes (Crocchette di Patate);calorie;anti-calorie;Ricetta lato sinistro;5;2;1;5;0;Pasta;Parsley Orzo recipes;Amalfi Calamari Pasta;proteine;anti-calorie;Ricetta lato sinistro;5;5;1;5;0;Torta;Campari & Grapefruit Sorbet;Torta di Castagne - Chestnut Cake;proteine;anti-calorie;Ricetta lato destro;5;5;1;2;1;4654234
180;85;Male;31-40;2-3 times at week;Public company staff;daily;4;gain weight;Important;Quite healty;Pasta;Spring Mac and Cheese recipes;Amalfi Calamari Pasta;etichette;anti-calorie;Right side recipe;3;3;3;3;1;Dolce;Endive with Pecorino and Honey;Casatiello Napoletano - Stuffed Italian Bread;calorie;anti-calorie;Right side recipe;3;4;3;4;1;Gelato;Strawberry Gelato recipes;Apple Friters with Ice Cream: Fritelle di Mele con Gelato;proteine;anti-calorie;Left side recipe;4;4;5;4;1;4881568
170;70;Female;60+;2-3 times at week;Public company staff;rarely;3;No goals;Important;Quite healty;hamburger;Crispy Potato Wedges;Pulled Pork with Black Pepper Vinegar;nutriscore;anti-calorie;Left side recipe;5;3;1;2;1;sugo;Tomato Sugo Recipe;Polpette Di Melanzane With Sugo Di Pomodoro;etichette;anti-calorie;Left side recipe;4;4;4;3;1;cake;Banana Rice Cake;Cake Doughnuts recipes;calorie;anti-calorie;Left side recipe;5;4;4;5;1;5929687
183;105;Male;60+;0;Disoccupati;rarely;3;No goals;Importante;sana;Pesce;Crostini di Pesce Spada (smoked swordfish toasts);Crostini di Pesce Spada (smoked swordfish toasts);proteine;anti-calorie;Nessuna di queste due ricette;1;1;1;1;1;Riso;Leftover Turkey Mushroom and Pancetta Riso;Riso Patate E Cozze (Baked Mussel & Potato Risotto) recipes;nutriscore;anti-calorie;sul lato destro;5;2;1;1;0;Torta;Torta Mimosa;Torta di Castagne - Chestnut Cake;calorie;anti-calorie;Ricetta sul lato sinistro;1;1;1;5;1;3684714
178;100;Male;41-59;0;Public company staff;monthly;4;lose weight;Very important;Quite healty;Pasta;Parsley Orzo recipes;Amalfi Calamari Pasta;proteine;anti-calorie;Right side recipe;5;4;3;2;1;salmon;Smoked Salmon Tartare;Salmon Wellington;calorie;anti-calorie;Left side recipe;4;3;4;3;1;tiramisu;Blueberry-Lemon Tiramisu;Tiramisu;proteine;anti-calorie;Left side recipe;5;4;2;4;0;8447445
173;95;Female;60+;0;Public company staff;rarely;3;lose weight;Very important;Quite healty;Hamburger;Cream Cheese Pizza Pasties;Pulled Pork with Black Pepper Vinegar;etichette;anti-calorie;Left side recipe;3;3;4;3;1;Pasta;Parsley Orzo recipes;Amalfi Calamari Pasta;proteine;anti-calorie;Right side recipe;4;2;1;2;1;Ice-cream;Vanilla Ice-Cream Latte;Mile-High Ice Cream Cake;calorie;anti-calorie;Right side recipe;4;1;1;2;0;1581075
165;58;Female;31-40;0;Public company staff;daily;3;lose weight;Important;Healty;Fish;Steamed Fish With Ginger & Orange;Smoked Fish with Mustard, Dill and Caper Sauce;nutriscore;anti-calorie;Left side recipe;5;5;5;5;0;Rice;Shrimp Summer Rolls with Sesame-Soy Dipping Sauce recipes;Salmon Rice Fritters;etichette;anti-calorie;Right side recipe;5;5;5;5;0;Ice;Ice Cream In A Bag;Ice Box Cafe Peanut Butter Ice Cream Cake;etichette;anti-calorie;Right side recipe;3;1;1;3;1;2916494
160;62;Female;41-59; 1 time at week;Public company staff;daily;4;gain weight;Very important;Quite healty;hamburger;Crisp Onion Relish;Pulled Pork with Black Pepper Vinegar;proteine;anti-calorie;Right side recipe;3;4;4;4;1;pasta;Parsley Orzo recipes;Amalfi Calamari Pasta;proteine;anti-calorie;Right side recipe;3;4;4;4;0;ice-cream;Green Tea-Ginger Ice Cream;Mile-High Ice Cream Cake;etichette;anti-calorie;Right side recipe;5;5;5;5;0;6465787
161;66;Male;41-59; 1 time at week;Public company staff;daily;3;gain weight;Important;Quite healty;chicken;Kickin' Chicken;Fried Chicken;calorie;anti-calorie;Left side recipe;4;4;4;4;0;sugo;Tomato Sugo Recipe;Polpette Di Melanzane With Sugo Di Pomodoro;calorie;anti-calorie;Right side recipe;3;3;4;4;1;cake;Cinnamon-Strawberry Cake recipes;Cake Doughnuts recipes;nutriscore;anti-calorie;Left side recipe;4;4;4;4;1;1405879
150;73;Female;41-59;0;Personale dell'azienda pubblica;monthly;3;lose weight;Importante;Abbastanza sano;PASTA;Parsley Orzo recipes;Amalfi Calamari Pasta;nutriscore;anti-calorie;Nessuno di questi due;1;1;1;1;0;PANE;Palak paneer recipe â�� Spinach with;Artichoke Jalapeno Bruschetta #SundaySuppe;etichette;anti-calorie;Ricetta lato sinistro;3;3;2;4;0;PESCE;Zuppa Di Pesce;Zuppa Di Pesce Fra Di Avolo;proteine;anti-calorie;Ricetta lato destro;3;3;3;3;1;5136641
160;52;Female;41-59;4-5 times at week;Personale aziendale privato;monthly;3;lose weight;Importante;Abbastanza sano;pollo;Pollo A La Brasa (Peruvian Rotisserie Chicken) recipes;Lizzys Pollo,Cilantro and Lime Empanada's;calorie;anti-calorie;Ricetta lato sinistro;4;1;1;4;0;pasta;Parsley Orzo recipes;Amalfi Calamari Pasta;proteine;anti-calorie;Ricetta lato sinistro;4;4;4;4;1;ice-cream;Green Tea-Ginger Ice Cream;Mile-High Ice Cream Cake;etichette;anti-calorie;Ricetta lato sinistro;5;3;3;5;1;5276547
158;64;Female;41-59;0;disoccupato;monthly;3;lose weight;Molto importante;Abbastanza sano;salmone;Spring Salmon Fettuccine;Salmon Wellington;etichette;anti-calorie;Ricetta lato destro;5;4;4;4;0;pasta;Parsley Orzo recipes;Amalfi Calamari Pasta;calorie;anti-calorie;Ricetta lato destro;5;5;3;5;1;Cake;Simple Spiderweb Cake;Cake Doughnuts recipes;proteine;anti-calorie;Left side recipe;5;3;3;5;0;2862354
175;63;Female;41-59; 1 time at week;Lavoratore autonomo;rarely;3;No goals;Molto importante;sano;Bruschetta;Polenta Bruschetta With Tapenade;Muffuletta Bruschetta;etichette;anti-calorie;Ricetta lato destro;4;3;2;3;1;Sushi;Sesame Seaweed Snacks;Spanish Tapas;calorie;anti-calorie;Ricetta lato destro;3;3;4;5;1;Soufflé;Pumpkin Pie SoufflÃ© with Cand;Mini Chocolate SoufflÃ©s;calorie;anti-calorie;Ricetta lato destro;5;5;4;2;0;8867580
160;66;Female;41-59;0;Public company staff;rarely;3;No goals;Important;Quite healty;Chicken;Kickin' Chicken;Fried Chicken;calorie;anti-calorie;Left side recipe;3;3;3;3;0;Pasta;Spring Mac and Cheese recipes;Amalfi Calamari Pasta;etichette;anti-calorie;Right side recipe;3;3;4;4;1;Cake;Melted Ice Cream Cake;Cake Doughnuts recipes;etichette;anti-calorie;Right side recipe;3;4;4;4;1;4771696
160;60;Female;31-40;0;disoccupato;rarely;3;No goals;Importante;Abbastanza sano;Salmone;Endive with Salmon and Capers;Salmon Wellington;proteine;anti-calorie;Ricetta lato sinistro;3;3;3;3;1;Riso;Riso Patate E Cozze (Baked Mussel & Potato Risotto) recipes;Riso Patate E Cozze (Baked Mussel & Potato Risotto) recipes;etichette;anti-calorie;Nessuno di questi due;1;1;1;1;0;Cake;Melted Ice Cream Cake;Cake Doughnuts recipes;etichette;anti-calorie;Ricetta lato destro;3;3;3;3;1;2425192
172;80;Male;20-25;0;Alunno;rarely;3;lose weight;Molto importante;Non salutare;Prosciutto;Prosciutto-Wrapped Asparagus;Prosciutto-wrapped Mozzarella;nutriscore;anti-calorie;Ricetta lato destro;3;2;2;5;1;Riso;Leftover Turkey Mushroom and Pancetta Riso;Riso Patate E Cozze (Baked Mussel & Potato Risotto) recipes;nutriscore;anti-calorie;Ricetta lato destro;5;5;5;5;1;Cheesecake;Lemon Cheesecake Cupcakes;Cheesecake-Stuffed Luscious Lemon Cake;proteine;anti-calorie;Nessuno di questi due;1;1;1;1;1;1095036
165;61;Female;41-59;0;Personale dell'azienda pubblica;rarely;3;lose weight;Importante;Non salutare;prosciutto;Panino di Prosciutto e Fontina;Prosciutto-wrapped Mozzarella;etichette;anti-calorie;Ricetta lato destro;5;5;5;3;1;pasta;Parsley Orzo recipes;Amalfi Calamari Pasta;proteine;anti-calorie;Ricetta lato sinistro;3;5;5;5;0;cheesecake;Pumpkin Cheesecake Pie;Cheesecake-Stuffed Luscious Lemon Cake;nutriscore;anti-calorie;Ricetta lato destro;3;1;1;1;0;7517835
158;58;Female;41-59;2-3 times at week;Private company staff;monthly;3;gain weight;Important;Quite healty;carne;Spanish Rice;Vegetarian Tamales with Pinto Beans recipes;etichette;anti-calorie;Left side recipe;3;4;4;4;1;cioccolato;Fichi secchi al cioccolato (chocolate dipp;Fichi secchi al cioccolato (chocolate dipp;etichette;anti-calorie;None of these two;4;5;4;4;1;spaghetti;Clean Eating Spaghetti Pie recipes;Spaghetti and Meatball Cake;etichette;anti-calorie;Right side recipe;4;5;5;4;0;1181653
158;56;Female;41-59; 1 time at week;Personale dell'azienda pubblica;rarely;2;lose weight;Importante;Abbastanza sano;Pesce;Pesce Al Forno Con Pomodorini E Gremolata recipes;Crostini di Pesce Spada (smoked swordfish toasts);calorie;anti-calorie;Ricetta lato sinistro;3;4;3;4;1;Riso;Leftover Turkey Mushroom and Pancetta Riso;Riso Patate E Cozze (Baked Mussel & Potato Risotto) recipes;proteine;anti-calorie;Ricetta lato sinistro;4;3;3;4;0;Ananas;Orange Mousse with Carmelized Anana;Pineapple & Marzipan Cake (Ananas-Marzipankuchen);nutriscore;anti-calorie;Ricetta lato destro;4;5;4;5;0;6597906
165;55;Female;26-30;4-5 times at week;Public company staff;daily;3;gain weight;Very important;Very healty;tartine;Tic Tac Toe Tartine with Red Radishes;SMOKED SALMON TARTINE with asparagus butte;nutriscore;anti-calorie;Left side recipe;4;3;4;5;1;lasagne;"Stuffed Poblano" Mexican Lasagn;"Stuffed Poblano" Mexican Lasagn;nutriscore;anti-calorie;None of these two;4;4;4;4;1;crostata;Free-Form Plum Crostata;Pear and Cranberry Crostata;calorie;anti-calorie;Left side recipe;5;5;4;5;1;5262594
176;60;Female;41-59;2-3 times at week;Personale dell'azienda pubblica;rarely;3;No goals;Molto importante;sano;Fruit;Spiced Fruit Chips;Sugar-and-Spice Fruit Tamales recipes;proteine;anti-calorie;Ricetta lato sinistro;2;5;1;5;1;Pasta;Parsley Orzo recipes;Amalfi Calamari Pasta;calorie;anti-calorie;Ricetta lato sinistro;2;5;3;5;0;Cake;Melted Ice Cream Cake;Cake Doughnuts recipes;etichette;anti-calorie;Nessuno di questi due;1;1;1;1;1;5284106
176;76;Male;20-25;4-5 times at week;Student;rarely;1;lose weight;Important;Healty;salame;Tuscan Chicken Liver Crostini (Crostini di Fegatini);Galangal-fried Chicken Recipe;etichette;anti-calorie;Left side recipe;3;5;3;5;0;pesto;Lox on Crispbreads;Grilled Sea Scallops on Tortilla Chips with Avocado Puree and Jalapeno Pesto 2;nutriscore;anti-calorie;Left side recipe;5;5;5;5;1;panna;Pandan Coconut Panna Cotta;Chocolate Panna Cotta Layer Cake;nutriscore;anti-calorie;Right side recipe;5;1;1;1;1;4100319
187;94;Male;26-30;2-3 times at week;Unemployed;rarely;2;No goals;Important;Quite healty;polpo;Steamed Monkfish: Polpo in Umido;POLPO AL PINOT NERO con patate e salsa all;proteine;anti-calorie;Left side recipe;5;5;3;3;1;pasta-pesto;Spinach-Walnut Pesto;Delicioso Antipasto Pasta Salad;proteine;anti-calorie;Left side recipe;3;5;3;4;1;torta;Caprese Cake;Torta di Castagne - Chestnut Cake;etichette;anti-calorie;Left side recipe;5;4;4;4;0;9054675
169;62;Female;16-19; 1 time at week;Student;rarely;1;No goals;Important;Quite healty;chips;Tuscan Kale Chips;Waffle Chips;nutriscore;anti-calorie;Right side recipe;5;3;3;3;0;spaghetti;Spaghetti Cup Nests recipes;Amalfi Calamari Pasta;nutriscore;anti-calorie;Left side recipe;3;5;5;5;0;nutella;Chocolate-Hazelnut Spread Hot Fudge Sauce;Strawberry Chocolate Layer Cake;proteine;anti-calorie;Left side recipe;5;3;4;5;1;8945780
168;71;Male;16-19;2-3 times at week;Student;rarely;3;No goals;Poorly important;Not healthy;ham;Ham Pinwheels recipes;Garlicky Ham and Swiss;calorie;anti-calorie;Right side recipe;5;3;2;2;0;pasta-sugo;Pesto Di Panna Nocci;Pesto Di Panna Nocci;etichette;anti-calorie;Left side recipe;4;3;3;3;0;ice-cream;Vanilla Ice-Cream Latte;Mile-High Ice Cream Cake;proteine;anti-calorie;Left side recipe;3;4;5;5;0;3660503
167;78;Female;60+;0;disoccupato;rarely;5;No goals;Molto importante;Molto salutare;salsa;Spring Radish Salsa;Salsa Chicken Tenders;calorie;anti-calorie;Ricetta lato destro;4;1;2;2;1;lasagne;"Stuffed Poblano" Mexican Lasagn;"Stuffed Poblano" Mexican Lasagn;etichette;anti-calorie;Nessuno di questi due;1;1;1;1;0;ice-cream;Vanilla Ice-Cream Latte;Mile-High Ice Cream Cake;nutriscore;anti-calorie;Ricetta lato destro;4;1;2;1;0;8678799
186;110;Male;20-25;0;Student;daily;2;lose weight;Very important;Quite healty;chicken;Kickin' Chicken;Fried Chicken;calorie;anti-calorie;Left side recipe;5;5;4;5;0;pasta;Parsley Orzo recipes;Amalfi Calamari Pasta;nutriscore;anti-calorie;Right side recipe;5;2;2;3;0;pancake;Tart-Sweet Lemon Blackberry Pancake Topping recipes;Chocolate Candy Cane Tower;calorie;anti-calorie;Left side recipe;5;4;4;4;0;2412490
180;94;Male;60+;2-3 times at week;disoccupato;rarely;3;No goals;Molto importante;sano;mozzarella;Balsamic Rhubarb with Breadpudding and Mozzarella;Stuffed Crust Cast-Iron Pizza with Smoked Mozzarella;calorie;anti-calorie;Right side recipe;5;3;2;1;1;risotto;Tomato Risotto;Beet Risotto;calorie;anti-calorie;Ricetta lato sinistro;4;3;2;3;1;torta;Caprese Cake;Torta di Castagne - Chestnut Cake;etichette;anti-calorie;Ricetta lato destro;4;3;2;1;1;7562382
172;90;Female;31-40;2-3 times at week;Private company staff;daily;4;No goals;Important;Healty;hamburger;Cream Cheese Pizza Pasties;Pulled Pork with Black Pepper Vinegar;etichette;anti-calorie;Right side recipe;5;2;1;3;1;rice;Quickie Pickled Radishes;Salmon Rice Fritters;proteine;anti-calorie;None of these two;1;1;1;1;0;ice-cream;Vanilla Ice-Cream Latte;Mile-High Ice Cream Cake;calorie;anti-calorie;Left side recipe;3;4;3;5;1;2621387
180;79;Male;20-25;2-3 times at week;Private company staff;rarely;2;No goals;Poorly important;Quite healty;tonno;Pasta Al Tonno E Caperi;Tuna and Ricotta Fritters (Polpette di Tonno e Ricotta);calorie;anti-calorie;Left side recipe;5;4;4;4;1;pasta;Parsley Orzo recipes;Amalfi Calamari Pasta;nutriscore;anti-calorie;Right side recipe;5;3;3;2;0;tartufo;Pistachio Tartufo recipes;Pistachio Tartufo recipes;nutriscore;anti-calorie;Left side recipe;4;3;5;1;1;4819410
176;70;Female;20-25;2-3 times at week;Student;rarely;2;No goals;Important;Healty;salmon;Smoked Salmon Collard Wraps;Salmon Wellington;etichette;anti-calorie;Left side recipe;3;4;5;3;1;sugo;Tomato Sugo Recipe;Polpette Di Melanzane With Sugo Di Pomodoro;calorie;anti-calorie;Left side recipe;3;5;5;5;1;banana;Pumpkin Gingerbread Banana Soft Serve;Chocolate Banana Cupcakes;proteine;anti-calorie;Right side recipe;5;2;2;1;1;4337473
190;94;Male;26-30; 1 time at week;Private company staff;rarely;1;lose weight;Important;Quite healty;mais;Popcorn Popped in Bacon Fat;Red Chile Chicken Tamales;proteine;anti-calorie;Left side recipe;5;4;4;3;1;rice;Cilantro Shrimp with Squash, Chard, and Wild Rice;Salmon Rice Fritters;nutriscore;anti-calorie;Left side recipe;3;4;4;5;0;pancake;Chris Santos's Oreo Pancake Recipe Is a Brunch-Party Pleaser;Chocolate Candy Cane Tower;proteine;anti-calorie;Left side recipe;5;3;3;3;1;2317091
165;78;Female;20-25;0;Student;rarely;5;No goals;Important;Quite healty;Patate;Potato Croquettes (Crocchette di Patate);Potato Croquettes---Panzeroti di Patate;calorie;anti-calorie;Right side recipe;5;1;1;1;0;Pasta;Parsley Orzo recipes;Amalfi Calamari Pasta;nutriscore;anti-calorie;Right side recipe;5;1;1;1;1;Mascarpone;Lemon-Blueberry with Mascarpone Oatmeal;Orange Marmalade Tarts with Bittersweet Chocolate Ganache and Mascarpone Crème;nutriscore;anti-calorie;Right side recipe;5;1;1;1;1;3301589
165;78;Female;41-59;2-3 times at week;Personale aziendale privato;monthly;4;lose weight;Importante;sano;Salmone;Endive with Salmon and Capers;Salmon Wellington;proteine;anti-calorie;Ricetta lato destro;5;3;3;3;1;Riso;Leftover Turkey Mushroom and Pancetta Riso;Riso Patate E Cozze (Baked Mussel & Potato Risotto) recipes;calorie;anti-calorie;Ricetta lato sinistro;4;5;5;5;1;Ice-cream;Vanilla Ice-Cream Latte;Mile-High Ice Cream Cake;calorie;anti-calorie;Ricetta lato sinistro;5;4;3;5;0;8303336
176;73;Female;20-25;2-3 times at week;Student;rarely;2;No goals;Poorly important;Not healthy;hamburger;Crispy Potato Wedges;Pulled Pork with Black Pepper Vinegar;nutriscore;anti-calorie;Left side recipe;3;4;4;5;1;pasta-tonno;Pasta Al Tonno E Caperi;Pasta Al Tonno E Caperi;calorie;anti-calorie;Left side recipe;4;4;4;4;0;cheese-cake;Birthday Cake Cream Cheese Will Get Any Party Started;Vanilla-Buttermilk Wedding Cake With Raspberries and Orange Cream-Cheese Frosting;proteine;anti-calorie;Left side recipe;2;5;5;5;1;7758499
181;89;Male;16-19;0;Student;rarely;1;No goals;Poorly important;Not healthy;pollo;Pollo A La Brasa (Peruvian Rotisserie Chicken) recipes;Lizzys Pollo,Cilantro and Lime Empanada's;nutriscore;anti-calorie;Left side recipe;5;3;2;2;0;sugo;Tomato Sugo Recipe;Polpette Di Melanzane With Sugo Di Pomodoro;etichette;anti-calorie;Left side recipe;3;3;3;4;1;pancake;Chris Santos's Oreo Pancake Recipe Is a Brunch-Party Pleaser;Chocolate Candy Cane Tower;proteine;anti-calorie;Left side recipe;4;2;2;1;0;2030544
178;70;Female;60+;0;Public company staff;rarely;3;No goals;Important;Quite healty;Prosciutto;Prosciutto-Wrapped Shrimp With Orange Marmalade;Prosciutto-wrapped Mozzarella;etichette;anti-calorie;Right side recipe;5;3;2;5;0;Pasta;Parsley Orzo recipes;Amalfi Calamari Pasta;proteine;anti-calorie;None of these two;1;1;1;1;1;Ice-cream;Ice-Cream Tacos recipes;Fried Ice Cream with Cereal Crust;etichette;anti-calorie;Left side recipe;4;4;2;4;1;5114849
168;62;Female;41-59;more of 5 times at week;Public company staff;monthly;2;lose weight;Poorly important;Very healty;Smoked-salmon;Endive with Salmon and Capers;Hot-Smoked Salmon Salad With A Chilli Lemon Dressing;proteine;anti-calorie;Right side recipe;3;4;3;4;0;Italian;Homemade Italian Breadcrumbs;Grilled Italian Sausage with Sweet 'n Sour Peppers;nutriscore;anti-calorie;Left side recipe;4;3;4;4;0;Ice-;Guava on Shaved Ice;Ice Box Cafe Peanut Butter Ice Cream Cake;nutriscore;anti-calorie;Left side recipe;3;4;3;3;1;3620308
180;78;Male;20-25; 1 time at week;Private company staff;monthly;3;No goals;Not important;Not healthy;peperoni;Peperoni e Tonno (Tuna-Stuffed Pepper Rolls);Real Men Do Eat Quiche;calorie;anti-calorie;Left side recipe;3;5;5;1;1;pasta;Parsley Orzo recipes;Amalfi Calamari Pasta;calorie;anti-calorie;Right side recipe;5;3;2;2;0;cake;Lady Baltimore Cake;Cake Doughnuts recipes;etichette;anti-calorie;Left side recipe;5;2;2;2;0;8959075
190;100;Male;26-30;0;Unemployed;rarely;2;lose weight;Poorly important;Absolutely not healthy;polpo;Steamed Monkfish: Polpo in Umido;POLPO AL PINOT NERO con patate e salsa all;proteine;anti-calorie;Ricetta lato destro;5;3;1;2;0;riso;Leftover Turkey Mushroom and Pancetta Riso;Rosmarino e’ Aglio Bistecca con Riso;calorie;anti-calorie;Left side recipe;4;3;3;2;0;oreo;Garden Goodie;Cheery Cheesecake Santa Hats;nutriscore;anti-calorie;Left side recipe;3;2;2;5;0;1246249
168;64;Female;26-30;2-3 times at week;Public company staff;monthly;3;No goals;Important;Quite healty;salmon;Avocado On Rye Crackers With Smoked Salmon;Salmon Wellington;proteine;anti-calorie;Left side recipe;4;5;5;3;1;pesto;Lox on Crispbreads;Grilled Sea Scallops on Tortilla Chips with Avocado Puree and Jalapeno Pesto 2;calorie;anti-calorie;Left side recipe;5;3;4;5;1;sorbetto;Cherry Key Lime Sorbetto;Mascarpone Sorbetto with Rosemary Honey;nutriscore;anti-calorie;Left side recipe;4;4;4;3;1;5237427
189;95;Female;31-40; 1 time at week;Public company staff;rarely;3;lose weight;Important;Not healthy;hamburger;Crispy Potato Wedges;Pulled Pork with Black Pepper Vinegar;nutriscore;anti-calorie;Right side recipe;5;2;1;1;0;minestrone;The Italian Baker's Grissini Torinesi Recipe;Winter Minestrone and Garlic Bruschetta;nutriscore;anti-calorie;Left side recipe;2;5;5;5;1;cioccolato;Arance candite con cioccolato (chocolate d;Crostata di castagne, cioccolato e pere (c;nutriscore;anti-calorie;Left side recipe;4;5;5;5;1;6379227
167;78;Female;60+;0;disoccupato;rarely;5;No goals;Molto importante;Molto salutare;Pork;Pork With Garlicky Bean Mash;Pork Egg Rolls recipes;nutriscore;anti-calorie;None of these two;1;2;3;2;1;Rice;Pad See-Ew Recipe;Salmon Rice Fritters;etichette;anti-calorie;None of these two;4;2;4;3;0;Ricotta;Cherries With Ricotta & Toasted Almonds;Ricotta Cannoli Cheesecake;nutriscore;anti-calorie;Right side recipe;4;4;4;4;1;8831707
175;65;Male;60+;2-3 times at week;Unemployed;daily;5;No goals;Very important;Very healty;smoked-salmon;Avocado On Rye Crackers With Smoked Salmon;Hot-Smoked Salmon Salad With A Chilli Lemon Dressing;nutriscore;anti-calorie;Left side recipe;4;4;4;5;0;rice-bean;Mojo Pork with Sweet Plantains;Green Bean and Shiitake Tempura with Ponzu Mayonnaise Recipe;etichette;anti-calorie;None of these two;1;1;1;1;1;ice-cream;Vanilla Ice-Cream Latte;Fried Ice Cream with Cereal Crust;calorie;anti-calorie;Left side recipe;4;3;4;4;1;2496051
180;81;Male;26-30;2-3 times at week;Private company staff;rarely;2;No goals;Poorly important;Quite healty;insalata;Insalata di arance, olive e finocchio (ora;Insalata Di Rucola E Pera;nutriscore;anti-calorie;Left side recipe;4;5;5;5;0;risotto;Tomato Risotto;Radicchio Risotto recipes;nutriscore;anti-calorie;Left side recipe;3;5;5;5;1;mousse;Strawberry Mousse Parfait;Banana Bread French Toast with Peanut Butter Mousse;proteine;anti-calorie;Left side recipe;5;3;3;3;1;8326506
150;55;Female;26-30; 1 time at week;Public company staff;daily;3;lose weight;Important;Not healthy;salame;Chayote and Chili Stir Fry;Galangal-fried Chicken Recipe;calorie;anti-calorie;None of these two;3;4;5;4;0;tagliatelle;Asparagus & Smashed Garlic Tagliatelle;Cucumbers with Salmon and Tagliatelle;nutriscore;anti-calorie;None of these two;3;5;5;5;1;bigne;Bignè di San Giuseppe (Italian Cream Puffs);Bignè di San Giuseppe (Italian Cream Puffs);nutriscore;anti-calorie;Left side recipe;5;5;5;5;0;2272190
180;75;Male;41-59;4-5 times at week;Public company staff;monthly;3;gain weight;Important;Quite healty;cozze;Perfectly steamed mussels (Cozze Serenissime) recipes;Steamed Mussels with Chicory: Cozze con Cicoria;calorie;anti-calorie;Left side recipe;4;4;4;5;0;risotto;Wild Mushroom Risotto;Radicchio Risotto recipes;etichette;anti-calorie;None of these two;4;5;5;5;0;crostata;peach-rhubarb crostata;Pear and Cranberry Crostata;nutriscore;anti-calorie;Right side recipe;5;5;5;5;1;6659181
160;60;Female;31-40;2-3 times at week;Public company staff;monthly;4;lose weight;Important;Very healty;riso;Leftover Turkey Mushroom and Pancetta Riso;Rosmarino e’ Aglio Bistecca con Riso;calorie;anti-calorie;Left side recipe;5;5;4;5;1;pollo;Pollo A La Brasa (Peruvian Rotisserie Chicken) recipes;Lizzys Pollo,Cilantro and Lime Empanada's;nutriscore;anti-calorie;None of these two;5;5;5;5;1;semifreddo;Dessert Apple Rings With Cinnamon Cream Syrup;Snickers Semifreddo Cake;etichette;anti-calorie;Left side recipe;5;5;5;5;0;4941953
167;57;Female;31-40;4-5 times at week;Public company staff;monthly;4;gain weight;Important;Healty;gamberi;Gamberi Al Rosmarino (Shrimp With Pancetta And Rosemary);Risotto con Gamberi;proteine;anti-calorie;Left side recipe;5;4;4;5;0;linguine;Mushrooms, Peas And Herbs For Spring;Mediterranean Catfish Spaghetti;calorie;anti-calorie;Left side recipe;5;5;5;5;0;panna;Pretty In Pink Panna Cotta;Chocolate Panna Cotta Layer Cake;calorie;anti-calorie;None of these two;4;4;5;4;1;3523518
165;45;Male;16-19;2-3 times at week;Alunno;rarely;2;No goals;Molto importante;Molto salutare;hamburger;The Secret Ingredient (Ginger Jam): Sweet Ginger Seared Tuna Recipe;Pulled Pork with Black Pepper Vinegar;calorie;anti-calorie;Ricetta lato destro;4;3;2;1;0;risotto-di-mare;Croatian Dalmatian red risotto (fisherman's risotto);Risotto ai Frutti di Mare;etichette;anti-calorie;Ricetta lato destro;4;3;2;1;1;torta;Caprese Cake;Torta di Castagne - Chestnut Cake;etichette;anti-calorie;Ricetta lato sinistro;4;3;2;1;1;8190215
132;42;Male;16-19; 1 time at week;Alunno;rarely;1;No goals;Molto importante;Molto salutare;pollo;Empanadas de Pollo al Verdeo (Chicken and Spring Onion Empanadas);Lizzys Pollo,Cilantro and Lime Empanada's;etichette;anti-calorie;Ricetta lato sinistro;4;3;2;1;0;lasagne;"Stuffed Poblano" Mexican Lasagn;"Stuffed Poblano" Mexican Lasagn;calorie;anti-calorie;Nessuno di questi due;4;3;2;1;1;ice-cream;Vanilla Ice-Cream Latte;Fried Ice Cream with Cereal Crust;proteine;anti-calorie;Ricetta lato sinistro;4;3;2;1;1;1781195
189;69;Male;41-59; 1 time at week;Personale dell'azienda pubblica;monthly;4;No goals;Molto importante;Molto salutare;olive;Radishes with Olive Oil and Salt recipes;Olive Oil-Poached Tuna Provençal Recipe;calorie;anti-calorie;Ricetta lato destro;4;4;2;1;0;pasta;Parsley Orzo recipes;Amalfi Calamari Pasta;nutriscore;anti-calorie;Ricetta lato destro;4;4;4;3;0;crostata;peach-rhubarb crostata;Pear and Cranberry Crostata;calorie;anti-calorie;Ricetta lato destro;4;3;3;1;0;6702962
157;45;Female;16-19;more of 5 times at week;Alunno;rarely;1;No goals;Molto importante;Molto salutare;pollo;Pollo A La Brasa (Peruvian Rotisserie Chicken) recipes;Lizzys Pollo,Cilantro and Lime Empanada's;nutriscore;anti-calorie;Ricetta lato sinistro;4;3;2;2;0;sugo;Tomato Sugo Recipe;Polpette Di Melanzane With Sugo Di Pomodoro;proteine;anti-calorie;Ricetta lato destro;4;3;2;1;1;cake;Lady Baltimore Cake;Cake Doughnuts recipes;etichette;anti-calorie;Ricetta lato sinistro;4;4;2;1;1;4726183
167;57;Male;31-40; 1 time at week;Lavoratore autonomo;monthly;4;No goals;Molto importante;Molto salutare;salmone;Endive with Salmon and Capers;Salmon Wellington;proteine;anti-calorie;Ricetta lato sinistro;4;3;2;1;1;riso;Leftover Turkey Mushroom and Pancetta Riso;Rosmarino e’ Aglio Bistecca con Riso;proteine;anti-calorie;Ricetta lato destro;4;3;2;1;0;pancake;Chris Santos's Oreo Pancake Recipe Is a Brunch-Party Pleaser;Chocolate Candy Cane Tower;proteine;anti-calorie;Ricetta lato destro;5;3;2;2;0;5458581
169;45;Male;16-19;2-3 times at week;Alunno;rarely;3;No goals;Molto importante;Molto salutare;sushi;Wasabi Ahi Tuna Tartare;Spanish Tapas;nutriscore;anti-calorie;Ricetta lato sinistro;4;3;2;1;0;sugo;Tomato Sugo Recipe;Polpette Di Melanzane With Sugo Di Pomodoro;proteine;anti-calorie;Ricetta lato sinistro;4;3;2;1;0;cake;Banana Rice Cake;Cake Doughnuts recipes;calorie;anti-calorie;Ricetta lato sinistro;4;3;2;2;0;8663759
179;46;Male;41-59;0;Personale dell'azienda pubblica;rarely;5;No goals;Molto importante;Molto salutare;pollo;Pollo A La Brasa (Peruvian Rotisserie Chicken) recipes;Lizzys Pollo,Cilantro and Lime Empanada's;proteine;anti-calorie;Ricetta lato sinistro;4;3;2;1;1;risotto-di-mare;Croatian Dalmatian red risotto (fisherman's risotto);Risotto ai Frutti di Mare;nutriscore;anti-calorie;Ricetta lato destro;4;3;2;1;0;crep;Egg Fast Recipe – Snickerdoodle Crep;Egg Fast Recipe – Snickerdoodle Crep;etichette;anti-calorie;Ricetta lato sinistro;4;3;2;1;1;1518342
132;42;Female;16-19;0;Alunno;rarely;1;No goals;Molto importante;Molto salutare;pollo;Empanadas de Pollo al Verdeo (Chicken and Spring Onion Empanadas);Lizzys Pollo,Cilantro and Lime Empanada's;etichette;anti-calorie;Ricetta lato sinistro;4;3;2;1;0;riso;Leftover Turkey Mushroom and Pancetta Riso;Rosmarino e’ Aglio Bistecca con Riso;calorie;anti-calorie;Ricetta lato sinistro;4;3;2;1;0;cake;Lady Baltimore Cake;Cake Doughnuts recipes;etichette;anti-calorie;Ricetta lato destro;4;3;2;1;0;1490736
